﻿{
  "Title": "Subtitle Edit",
  "Version": "Version 5.0.0",
  "TranslatedBy": "",
  "CultureName": "da-DK",
  "General": {
    "Actor": "Skuespiller",
    "Advanced": "Fremskreden",
    "After": "Efter",
    "All": "Alle",
    "AllFiles": "Alle filer",
    "Apply": "Anvende",
    "ApplyTo": "Ans\u00F8g p\u00E5",
    "AudioFiles": "Lydfiler",
    "Before": "F\u00F8r",
    "BeforeX": "F\u00F8r \u0027{0}\u0027",
    "Bold": "Dristig",
    "Cancel": "Oph\u00E6ve",
    "ChangeLanguageFilter": "Skift sprogfilter ...",
    "Character": "Karakter",
    "CharsPerSec": "Chars/sek",
    "Class": "Klasse",
    "Close": "T\u00E6t",
    "Collapse": "Bryde sammen",
    "CurrentSubtitle": "Nuv\u00E6rende undertekst",
    "DeleteCurrentLine": "Slet den aktuelle linje",
    "Download": "Download",
    "DownloadX": "Download {0}",
    "Duration": "Varighed",
    "EndTime": "Sluttid",
    "Error": "Fejl",
    "ExampleX": "Eksempel: {0}",
    "FileNameXAndSize": "Filnavn: {0} ({1})",
    "Fonts": "Skrifttyper",
    "FrameRate": "Billedhastighed",
    "FrameRateX": "Billedhastighed: {0: 0,0 ###}",
    "Gap": "Gap",
    "GeneralText": "Generel",
    "Height": "H\u00F8jde",
    "Hide": "Skjul",
    "HidePreview": "Skjul preview",
    "HourMinutesSecondsDecimalSeparatorMilliseconds": "Time: min: sek. {0} ms",
    "HourMinutesSecondsFrames": "Time: Min: Sek: Rammer",
    "Ip": "Ip",
    "Images": "Billeder",
    "InvertSelection": "Inverter valg",
    "Italic": "Kursiv",
    "Layer": "Lag",
    "LineNumber": "Linje#",
    "Model": "Model",
    "MoreInfo": "Mere info",
    "Name": "Navn",
    "Negative": "Negativ",
    "No": "Ingen",
    "NoVideoLoaded": "Ingen video indl\u00E6st",
    "None": "Ingen",
    "NotAvailable": "N/a",
    "Number": "Antal",
    "NumberSymbol": "#",
    "Ok": "_Ok",
    "OnlineVideoFeatureNotAvailable": "Funktion ikke tilg\u00E6ngelig til online video",
    "OpenOriginalSubtitleFile": "\u00C5bn original undertekstfil ...",
    "OpenSubtitle": "\u00C5ben undertekst ...",
    "OpenVideoFile": "\u00C5ben videofil ...",
    "OpenVideoFileTitle": "\u00C5ben videofil ...",
    "OriginalText": "Original tekst",
    "Overlap": "Overlap",
    "OverlapNextX": "Overlap n\u00E6ste ({0:#; ## 0. ###})",
    "OverlapPreviousLineX": "Overlap prev -linje ({0:#; ## 0. ###})",
    "OverlapStartAndEnd": "Overlap start og slutter",
    "OverlapX": "Overlap ({0:#; ## 0. ###})",
    "PleaseWait": "Vent venligst ...",
    "Preview": "Preview",
    "Region": "Omr\u00E5de",
    "RegularExpressionIsNotValid": "Regelm\u00E6ssigt udtryk er ikke gyldigt!",
    "Reset": "Nulstil",
    "ResolutionX": "Opl\u00F8sning: {0}",
    "Search": "S\u00F8ge",
    "SelectAll": "V\u00E6lg alle",
    "SessionKey": "Session N\u00F8gle",
    "SessionKeyGenerate": "Generer ny n\u00F8gle",
    "Settings": "Indstillinger",
    "ShortcutX": "Genvej: {0}",
    "Show": "Vis",
    "ShowPreview": "Vis preview",
    "SingleLineLengths": "Enkelt linjel\u00E6ngde:",
    "Size": "St\u00F8rrelse",
    "SplitLine": "Split linje!",
    "StartTime": "Starttid",
    "Strikeout": "Strikeout",
    "Style": "Stil",
    "StyleLanguage": "Stil / sprog",
    "SubtitleFile": "Undertekstfil",
    "SubtitleFiles": "Undertekstfiler",
    "Text": "Tekst",
    "TotalFramesX": "Samlede rammer: {0:#; ## 0. ##}",
    "TotalLengthX": "Samlet l\u00E6ngde: {0}",
    "TotalLengthXSplitLine": "Samlet l\u00E6ngde: {0} (split linje!)",
    "Underline": "Understrege",
    "UseLargerFontForThisWindow": "Brug st\u00F8rre skrifttype til dette vindue",
    "UserName": "Brugernavn",
    "UserNameAlreadyInUse": "Brugernavn allerede i brug",
    "VideoEncodingX": "Video kodning: {0}",
    "VideoFiles": "Videofiler",
    "VideoInformation": "Videoinfo",
    "ViewX": "Vis {0}",
    "Visible": "Synlig",
    "Warning": "Advarsel",
    "WebServiceUrl": "WebService URL",
    "Width": "Bredde",
    "WordsPerMin": "Ord/min",
    "XSeconds": "{0: 0,0 ##} sekunder",
    "Yes": "Ja",
    "Delete": "Slet",
    "InsertAfter": "Inds\u00E6t efter",
    "InsertBefore": "Inds\u00E6t f\u00F8r",
    "MergeBefore": "Flet sammen med linjen f\u00F8r",
    "MergeAfter": "Flet sammen med linje efter",
    "MergeSelected": "Flet valgte",
    "MergeSelectedAsDialog": "Flet valgte som dialog",
    "SubtitleFormat": "Undertekstformat",
    "Encoding": "Kodning"
  },
  "Main": {
    "CharactersPerSecond": "Chars/second: {0}",
    "SingleLineLength": "Linjel\u00E6ngde: {0}",
    "TotalCharacters": "Total chars: {0}",
    "Menu": {
      "File": "Fil",
      "New": "Ny",
      "Open": "\u00C5ben...",
      "Reopen": "Gen\u00E5bn...",
      "ClearRecentFiles": "Ryd nylige filer",
      "RestoreAutoBackup": "Gendan auto-backup ...",
      "Save": "Spare",
      "SaveAs": "Gem som ...",
      "Export": "Eksportere",
      "Exit": "Udgang",
      "Edit": "Redigere",
      "Undo": "Fortryd",
      "Redo": "Genindstille",
      "ShowHistory": "Vis historie ...",
      "Find": "Finde...",
      "FindNext": "Find n\u00E6ste",
      "Replace": "Erstatte...",
      "MultipleReplace": "Multipel erstatning ...",
      "GoToLineNumber": "G\u00E5 til linje nummer ...",
      "Tools": "V\u00E6rkt\u00F8jer",
      "AdjustDurations": "Juster varigheder ...",
      "FixCommonErrors": "Fix almindelige fejl ...",
      "RemoveTextForHearingImpaired": "Fjern tekst til h\u00F8reh\u00E6mmede ...",
      "ChangeCasing": "Skift hus ...",
      "BatchConvert": "Batch konvertering ...",
      "SpellCheckTitle": "Stavekontrol",
      "SpellCheck": "Stavekontrol ...",
      "GetDictionaries": "F\u00E5 ordb\u00F8ger ...",
      "Video": "Video",
      "OpenVideo": "\u00C5ben video ...",
      "OpenVideoFromUrl": "\u00C5ben video fra URL ...",
      "CloseVideoFile": "Luk videofil",
      "SpeechToText": "Tale til tekst ...",
      "TextToSpeech": "Tekst til tale ...",
      "GenerateBurnIn": "Generer video med indbr\u00E6ndte undertekster ...",
      "GenerateTransparent": "Generer gennemsigtig video med undertekster ...",
      "Synchronization": "Synkronisering",
      "AdjustAllTimes": "Juster alle tidspunkter ...",
      "ChangeFrameRate": "Skift billedhastighed ...",
      "ChangeSpeed": "Skift hastighed ...",
      "Options": "Muligheder",
      "Settings": "Indstillinger ...",
      "Shortcuts": "Genveje ...",
      "ChooseLanguage": "V\u00E6lg sprog ...",
      "WordLists": "Ordlister ...",
      "Translate": "Overs\u00E6t",
      "AutoTranslate": "Auto-translere ...",
      "HelpTitle": "Hj\u00E6lp",
      "Help": "Hj\u00E6lp...",
      "About": "Om..."
    }
  },
  "File": {
    "EbuSaveOptions": {
      "Title": "EBU save options",
      "GeneralSubtitleInformation": "Generel undertekstinformation",
      "CodePageNumber": "Code page number",
      "DiskFormatCode": "Disk format code",
      "DisplayStandardCode": "Display standard code",
      "ColorRequiresTeletext": "Colors require teletext!",
      "AlignmentRequiresTeletext": "Alignment requires teletext!",
      "TeletextCharsShouldBe38": "\u0027Max# of chars per row\u0027 for teletext should be 38!",
      "CharacterCodeTable": "Character table",
      "LanguageCode": "Language code",
      "OriginalProgramTitle": "Original program title",
      "OriginalEpisodeTitle": "Original episode title",
      "TranslatedProgramTitle": "Translated program title",
      "TranslatedEpisodeTitle": "Translated episode title",
      "TranslatorsName": "Translator\u0027s name",
      "SubtitleListReferenceCode": "Subtitle list reference code",
      "CountryOfOrigin": "Country of origin",
      "TimeCodeStatus": "Time code status",
      "TimeCodeStartOfProgramme": "Time code: Start of programme",
      "RevisionNumber": "Revision number",
      "MaxNoOfDisplayableChars": "Max# of chars per row",
      "MaxNumberOfDisplayableRows": "Max# of rows",
      "DiskSequenceNumber": "Disk sequence number",
      "TotalNumberOfDisks": "Total number of disks",
      "Import": "Import...",
      "TextAndTimingInformation": "Text and timing information",
      "JustificationCode": "Justification code",
      "VerticalPosition": "Vertical position",
      "MarginTop": "Margin top (for top aligned subtitles)",
      "MarginBottom": "Margin bottom (for bottom aligned subtitles)",
      "NewLineRows": "Number of rows added by a new line",
      "Teletext": "Teletext",
      "UseBox": "Use box around text",
      "DoubleHeight": "Use double height for text",
      "Errors": "Errors",
      "ErrorsX": "Errors: {0}",
      "MaxLengthError": "Line {0} exceeds max length ({1}) by {2}: {3}",
      "TextUnchangedPresentation": "Unchanged presentation",
      "TextLeftJustifiedText": "Left justified text",
      "TextCenteredText": "Centered text",
      "TextRightJustifiedText": "Right justified text",
      "UseBoxForOneNewLine": "Check \u0027Use box around text\u0027 for only one new-line"
    }
  },
  "Edit": {},
  "Tools": {
    "FixCommonErrors": {
      "Title": "Fix almindelige fejl",
      "Step1": "Step 1/2 - Choose which errors to fix",
      "WhatToFix": "What to fix",
      "Example": "Example",
      "SelectAll": "Select all",
      "InverseSelection": "Invert selection",
      "Back": "\u003C \u0026Back",
      "Next": "\u0026Next \u003E",
      "Step2": "Step 2/2 - Verify fixes",
      "Fixes": "Fixes",
      "Log": "Log",
      "Function": "Function",
      "RemovedEmptyLine": "Remove empty line",
      "RemovedEmptyLineAtTop": "Remove empty line at top",
      "RemovedEmptyLineAtBottom": "Remove empty line at bottom",
      "RemovedEmptyLineInMiddle": "Remove empty line in middle",
      "RemovedEmptyLinesUnusedLineBreaks": "Remove empty lines/unused line breaks",
      "FixOverlappingDisplayTimes": "Fix overlapping display times",
      "FixShortDisplayTimes": "Fix short display times",
      "FixLongDisplayTimes": "Fix long display times",
      "FixShortGaps": "Fix short gaps",
      "FixInvalidItalicTags": "Fix invalid italic tags",
      "RemoveUnneededSpaces": "Remove unneeded spaces",
      "RemoveUnneededPeriods": "Remove unneeded periods",
      "FixCommas": "Fix commas",
      "FixMissingSpaces": "Fix missing spaces",
      "BreakLongLines": "Break long lines",
      "RemoveLineBreaks": "Remove line breaks in short texts with only one sentence",
      "RemoveLineBreaksAll": "Remove line breaks in short texts (all except dialogs)",
      "RemoveLineBreaksPixelWidth": "Unbreak subtitles that can fit on one line (pixel width)",
      "FixUppercaseIInsideLowercaseWords": "Fix uppercase \u0027i\u0027 inside lowercase words (OCR error)",
      "FixDoubleApostrophes": "Fix double apostrophe characters (\u0027\u0027) to a single quote (\u0022)",
      "AddPeriods": "Add period after lines where next line starts with uppercase letter",
      "StartWithUppercaseLetterAfterParagraph": "Start with uppercase letter after paragraph",
      "StartWithUppercaseLetterAfterPeriodInsideParagraph": "Start with uppercase letter after period inside paragraph",
      "StartWithUppercaseLetterAfterColon": "Start with uppercase letter after colon/semicolon",
      "FixLowercaseIToUppercaseI": "Fix alone lowercase \u0027i\u0027 to \u0027I\u0027 (English)",
      "FixCommonOcrErrors": "Fix common OCR errors (using OCR replace list)",
      "CommonOcrErrorsFixed": "Common OCR errors fixed (OcrReplaceList file used): {0}",
      "RemoveSpaceBetweenNumber": "Remove space between numbers",
      "BreakDialogsOnOneLine": "Split dialogs on one line",
      "RemoveDialogFirstInNonDialogs": "Remove start dash in first line for non-dialogs",
      "NormalizeStrings": "Normalize strings",
      "FixTurkishAnsi": "Fix Turkish ANSI (Icelandic) letters to Unicode",
      "FixDanishLetterI": "Fix Danish letter \u0027i\u0027",
      "FixSpanishInvertedQuestionAndExclamationMarks": "Fix Spanish inverted question and exclamation marks",
      "AddMissingQuote": "Add missing quote (\u0022)",
      "AddMissingQuotes": "Add missing quotes (\u0022)",
      "RemoveHyphensSingleLine": "Remove dialog dashes in single lines",
      "FixHyphensInDialogs": "Fix dash in dialogs via style: {0}",
      "AddMissingQuotesExample": "\u0022How are you? -\u003E \u0022How are you?\u0022",
      "XMissingQuotesAdded": "Missing quotes added: {0}",
      "Fix3PlusLine": "Fix subtitle with more than two lines",
      "Fix3PlusLines": "Fix subtitles with more than two lines",
      "Analysing": "Analyzing...",
      "NothingToFix": "Nothing to fix :)",
      "FixesFoundX": "Fixes found: {0}",
      "XFixesApplied": "Fixes applied: {0}",
      "NothingFixableBut": "Nothing could be fixed automatically. The subtitle contains errors - see log for details",
      "XFixedBut": "{0} issue(s) fixed but the subtitle still contains errors - see log for details",
      "XCouldBeFixedBut": "{0} issue(s) could be fixed but the subtitle will still contain errors - see log for details",
      "FixFirstLetterToUppercaseAfterParagraph": "Fix first letter to uppercase after paragraph",
      "MergeShortLine": "Merge short line (single sentence)",
      "MergeShortLineAll": "Merge short line (all except dialogs)",
      "UnbreakShortLinePixelWidth": "Unbreak short line (pixel width)",
      "BreakLongLine": "Break long line",
      "FixLongDisplayTime": "Fix long display time",
      "FixInvalidItalicTag": "Fix invalid italic tag",
      "FixShortDisplayTime": "Fix short display time",
      "FixOverlappingDisplayTime": "Fix overlapping display time",
      "FixShortGap": "Fix short gap",
      "FixInvalidItalicTagsExample": "\u003Ci\u003EWhat do I care.\u003Ci\u003E -\u003E \u003Ci\u003EWhat do I care.\u003C/i\u003E",
      "RemoveUnneededSpacesExample": "Hey   you ; there. -\u003E Hey you; there.",
      "RemoveUnneededPeriodsExample": "Hey you!. -\u003E Hey you!",
      "FixMissingSpacesExample": "Hey.You. -\u003E Hey. You.",
      "FixUppercaseIInsideLowercaseWordsExample": "The earth is fIat. -\u003E The earth is flat.",
      "FixLowercaseIToUppercaseIExample": "What do i care. -\u003E What do I care.",
      "StartTimeLaterThanEndTime": "Text number {0}: Start time is later than end time: {4}{1} -\u003E {2} {3}",
      "UnableToFixStartTimeLaterThanEndTime": "Unable to fix text number {0}: Start time is later than end time: {1}",
      "XFixedToYZ": "{0} fixed to: {1}{2}",
      "UnableToFixTextXY": "Unable to fix text number {0}: {1}",
      "UnneededSpace": "Unneeded space",
      "UnneededPeriod": "Unneeded period",
      "FixMissingSpace": "Fix missing space",
      "FixUppercaseIInsideLowercaseWord": "Fix uppercase \u0027i\u0027 inside lowercase word",
      "FixMissingPeriodAtEndOfLine": "Add missing period at end of line",
      "RefreshFixes": "Refresh available fixes",
      "ApplyFixes": "A\u0026pply selected fixes",
      "AutoBreak": "Auto \u0026br",
      "Unbreak": "\u0026Unbreak",
      "FixDoubleDash": "Fix \u0027--\u0027 -\u003E \u0027...\u0027",
      "FixDoubleGreaterThan": "Remove \u0027\u003E\u003E\u0027",
      "FixEllipsesStart": "Remove leading \u0027...\u0027",
      "FixMissingOpenBracket": "Fix missing [ or ( in line",
      "FixMusicNotation": "Replace music symbols (e.g. \u00E2T\u00AA) with preferred symbol",
      "FixDoubleDashExample": "\u0027Whoa-- um yeah!\u0027 -\u003E \u0027Whoa... um yeah!\u0027",
      "FixDoubleGreaterThanExample": "\u0027\u003E\u003E Robert: Sup dude!\u0027 -\u003E \u0027Robert: Sup dude!\u0027",
      "FixEllipsesStartExample": "\u0027... and then we\u0027 -\u003E \u0027and then we\u0027",
      "FixMissingOpenBracketExample": "\u0027clanks] Look out!\u0027 -\u003E \u0027[clanks] Look out!\u0027",
      "FixMusicNotationExample": "\u0027\u00E2T\u00AA sweet dreams are\u0027 -\u003E \u0027\u266B sweet dreams are\u0027",
      "NumberOfImportantLogMessages": "{0} important log messages!",
      "FixedOkXY": "Fixed and OK - \u0027{0}\u0027: {1}",
      "FixOcrErrorExample": "D0n\u0027t -\u003E Don\u0027t",
      "FixSpaceBetweenNumbersExample": "1 100 -\u003E 1100",
      "FixDialogsOneLineExample": "Hi John! - Hi Ida! -\u003E Hi John!\u003Cbr /\u003E- Hi Ida!",
      "RemoveDialogFirstInNonDialogsExample": "- How are you? -\u003E How are you?",
      "SelectDefault": "Select default",
      "SetDefault": "Set current fixes as default",
      "FixContinuationStyleX": "Fix continuation style: {0}",
      "FixUnnecessaryLeadingDots": "Remove unnecessary leading dots"
    },
    "AdjustDurations": {
      "Title": "Adjust durations",
      "AdjustVia": "Adjust via",
      "Seconds": "Seconds",
      "Percent": "Percent",
      "Recalculate": "Recalculate",
      "AddSeconds": "Add seconds",
      "SetAsPercent": "Set as percent of duration",
      "Note": "Note: Display time will not overlap start time of next text",
      "Fixed": "Fixed",
      "Milliseconds": "Milliseconds",
      "ExtendOnly": "Extend only",
      "EnforceDurationLimits": "Enforce minimum and maximum duration",
      "CheckShotChanges": "Don\u0027t extend past shot changes",
      "BatchCheckShotChanges": "Respekt Skud \u00E6ndringer (hvis tilg\u00E6ngelig)"
    },
    "ChangeCasing": {
      "Title": "Change casing",
      "FixNames": "Fix navne"
    }
  },
  "SpellCheck": {},
  "Video": {
    "VideoBurnIn": {
      "Title": "Generer video med indbr\u00E6ndte undertekster",
      "InfoAssaOff": "Note: Advanced SubStation Alpha styling supported.",
      "InfoAssaOn": "Note: Advanced SubStation Alpha styling will be used :)",
      "XGeneratedWithBurnedInSubsInX": "\u0022{0}\u0022 generated with burned-in subtitle in {1}.",
      "TimeRemainingMinutes": "Time remaining: {0} minutes",
      "TimeRemainingOneMinute": "Time remaining: One minute",
      "TimeRemainingSeconds": "Time remaining: {0} seconds",
      "TimeRemainingAFewSeconds": "Time remaining: A few seconds",
      "TimeRemainingMinutesAndSeconds": "Time remaining: {0} minutes and {1} seconds",
      "TimeRemainingOneMinuteAndSeconds": "Time remaining: One minute and {0} seconds",
      "TargetFileName": "Target file name: {0}",
      "TargetFileSize": "Target file size (requires 2 pass encoding)",
      "FileSizeMb": "File size in MB",
      "PassX": "Pass {0}",
      "Encoding": "Encoding",
      "BitRate": "Bit rate",
      "TotalBitRateX": "Total bit rate: {0}",
      "SampleRate": "Sample rate",
      "Audio": "Audio",
      "Stereo": "Stereo",
      "Preset": "Preset",
      "PixelFormat": "Pixel format",
      "Crf": "CRF",
      "TuneFor": "Tune for",
      "AlignRight": "Align right",
      "GetStartPosition": "Get start position",
      "GetEndPosition": "Get end position",
      "UseSource": "Use source",
      "UseSourceResolution": "Use source resolution",
      "OutputSettings": "Output file/folder..."
    },
    "VideoTransparent": {
      "Title": "Generate transparent video with subtitles",
      "InfoAssaOff": "Note: Advanced SubStation Alpha styling supported.",
      "InfoAssaOn": "Note: Advanced SubStation Alpha styling will be used :)"
    }
  },
  "Sync": {},
  "Options": {
    "Settings": {
      "DialogStyle": "Dialogstil",
      "DialogStyleDashSecondLineWithoutSpace": "Dash second line without space",
      "DialogStyleDashSecondLineWithSpace": "Dash second line with space",
      "DialogStyleDashBothLinesWithSpace": "Dash both lines with space",
      "DialogStyleDashBothLinesWithoutSpace": "Dash both lines without space",
      "ContinuationStyle": "Continuation style",
      "ContinuationStyleNone": "None",
      "ContinuationStyleNoneTrailingDots": "None, dots for pauses (trailing only)",
      "ContinuationStyleNoneLeadingTrailingDots": "None, dots for pauses",
      "ContinuationStyleNoneTrailingEllipsis": "None, ellipsis for pauses (trailing only)",
      "ContinuationStyleNoneLeadingTrailingEllipsis": "None, ellipsis for pauses",
      "ContinuationStyleOnlyTrailingDots": "Dots (trailing only)",
      "ContinuationStyleLeadingTrailingDots": "Dots",
      "ContinuationStyleOnlyTrailingEllipsis": "Ellipsis (trailing only)",
      "ContinuationStyleLeadingTrailingEllipsis": "Ellipsis",
      "ContinuationStyleLeadingTrailingDash": "Dash",
      "ContinuationStyleLeadingTrailingDashDots": "Dash, but dots for pauses",
      "ContinuationStyleCustom": "Custom",
      "CpsLineLengthStyle": "Cps/line-length",
      "CpsLineLengthStyleCalcAll": "Count all characters",
      "CpsLineLengthStyleCalcNoSpaceCpsOnly": "Count all except space, cps only",
      "CpsLineLengthStyleCalcNoSpace": "Count all except space",
      "CpsLineLengthStyleCalcCjk": "CJK 1, Latin 0.5",
      "CpsLineLengthStyleCalcCjkNoSpace": "CJK 1, Latin 0.5, space 0",
      "CpsLineLengthStyleCalcIncludeCompositionCharacters": "Include composition characters",
      "CpsLineLengthStyleCalcIncludeCompositionCharactersNotSpace": "Include composition characters, not space",
      "CpsLineLengthStyleCalcNoSpaceOrPunctuation": "No space or punctuation ()[]-:;,.!?",
      "CpsLineLengthStyleCalcNoSpaceOrPunctuationCpsOnly": "No space or punctuation, CPS only",
      "TimeCodeModeHhMmSsMs": "HH:MM:SS:MS",
      "TimeCodeModeHhMmSsFf": "HH:MM:SS:FF",
      "SplitBehaviorPrevious": "Add gap to the left of split point (focus right)",
      "SplitBehaviorHalf": "Add gap in the center of split point (focus left)",
      "SplitBehaviorNext": "Add gap to the right of split point (focus left)",
      "SubtitleListActionNothing": "Nothing",
      "SubtitleListActionVideoGoToPositionAndPause": "Go to video position and pause",
      "SubtitleListActionVideoGoToPositionAndPlay": "Go to video position and play",
      "SubtitleListActionVideoGoToPositionAndPlayCurrentAndPause": "Go to video position, play current, and pause",
      "SubtitleListActionEditText": "Go to edit text box",
      "SubtitleListActionVideoGoToPositionMinus1SecAndPause": "Go to video position - 1 s and pause",
      "SubtitleListActionVideoGoToPositionMinusHalfSecAndPause": "Go to video position - 0.5 s and pause",
      "SubtitleListActionVideoGoToPositionMinus1SecAndPlay": "Go to video position - 1 s and play",
      "SubtitleListActionEditTextAndPause": "Go to edit text box, and pause at video position",
      "AutoBackupEveryMinute": "Every minute",
      "AutoBackupEveryXthMinute": "Every {0}th minute",
      "AutoBackupDeleteAfterXMonths": "Delete auto-backups after {0} months"
    },
    "Shortcuts": {
      "Title": "Shortcuts",
      "SearchShortcuts": "Search shortcuts...",
      "Filter": "Filter",
      "CategoryGeneral": "General",
      "CategorySubtitleGridAndTextBox": "Subtitle list view \u0026 text box",
      "CategorySubtitleGrid": "Subtitle list view",
      "CategoryWaveform": "Waveform",
      "GeneralMergeSelectedLines": "Merge selected lines",
      "GeneralMergeWithPrevious": "Merge with previous",
      "GeneralMergeWithNext": "Merge with next",
      "GeneralMergeWithPreviousAndUnbreak": "Merge with previous and unbreak",
      "GeneralMergeWithNextAndUnbreak": "Merge with next and unbreak",
      "GeneralMergeWithPreviousAndAutoBreak": "Merge with previous and auto-break",
      "GeneralMergeWithNextAndAutoBreak": "Merge with next and auto-break",
      "GeneralMergeSelectedLinesAndAutoBreak": "Merge selected lines and auto-break",
      "GeneralMergeSelectedLinesAndUnbreak": "Merge selected lines and unbreak",
      "GeneralMergeSelectedLinesAndUnbreakCjk": "Merge selected lines and unbreak CJK",
      "GeneralMergeSelectedLinesOnlyFirstText": "Merge selected lines only first text",
      "GeneralMergeSelectedLinesBilingual": "Merge selected lines bilingual",
      "GeneralMergeWithPreviousBilingual": "Merge with previous bilingual",
      "GeneralMergeWithNextBilingual": "Merge with next bilingual",
      "GeneralMergeOriginalAndTranslation": "Merge original and translation",
      "GeneralToggleTranslationMode": "Toggle translation mode",
      "GeneralSwitchOriginalAndTranslation": "Switch original and translation",
      "GeneralSwitchOriginalAndTranslationTextBoxes": "Switch original and translation text boxes",
      "GeneralChooseLayout": "Choose layout",
      "GeneralLayoutChooseX": "Layout {0}",
      "GeneralPlayFirstSelected": "Play first selected",
      "GeneralGoToFirstSelectedLine": "Go to first selected line",
      "GeneralGoToNextEmptyLine": "Go to next empty line",
      "GeneralGoToNextSubtitle": "Go to next subtitle",
      "GeneralGoToNextSubtitlePlayTranslate": "Go to next subtitle (play translate)",
      "GeneralGoToNextSubtitleCursorAtEnd": "Go to next subtitle (cursor at end)",
      "GeneralGoToPrevSubtitle": "Go to prev subtitle",
      "GeneralGoToPrevSubtitlePlayTranslate": "Go to prev subtitle (play translate)",
      "GeneralGoToStartOfCurrentSubtitle": "Go to start of current subtitle",
      "GeneralGoToEndOfCurrentSubtitle": "Go to end of current subtitle",
      "GeneralGoToPreviousSubtitleAndFocusVideo": "Go to previous subtitle and focus video",
      "GeneralGoToNextSubtitleAndFocusVideo": "Go to next subtitle and focus video",
      "GeneralGoToPrevSubtitleAndPlay": "Go to prev subtitle and play",
      "GeneralGoToNextSubtitleAndPlay": "Go to next subtitle and play",
      "GeneralGoToPreviousSubtitleAndFocusWaveform": "Go to previous subtitle and focus waveform",
      "GeneralGoToNextSubtitleAndFocusWaveform": "Go to next subtitle and focus waveform",
      "GeneralGoToLineNumber": "Go to line number",
      "GeneralToggleItalic": "Toggle italic",
      "GeneralToggleBold": "Toggle bold",
      "GeneralToggleBookmarks": "Toggle bookmarks",
      "GeneralFocusTextBox": "Focus text box",
      "GeneralToggleBookmarksWithText": "Toggle bookmarks with text",
      "GeneralEditBookmarks": "Edit bookmarks",
      "FileNew": "New",
      "FileOpen": "Open",
      "FileOpenKeepVideo": "Open (keep video)",
      "FileSave": "Save",
      "FileSaveAs": "Save as",
      "FileSaveAll": "Save all",
      "FileSaveOriginal": "Save original",
      "FileSaveOriginalAs": "Save original as",
      "FileOpenOriginalSubtitle": "Open original subtitle",
      "FileCloseOriginalSubtitle": "Close original subtitle",
      "FileTranslatedSubtitle": "Translated subtitle",
      "FileCompare": "Compare",
      "FileImportPlainText": "Import plain text",
      "FileImportBluRaySupForOcr": "Import Blu-ray SUP for OCR",
      "FileImportBluRaySupForEdit": "Import Blu-ray SUP for edit",
      "FileImportTimeCodes": "Import time codes",
      "FileExportEbuStl": "Export EBU STL",
      "FileExportPac": "Export PAC",
      "FileExportEdlClipName": "Export EDL clip name",
      "FileExportPlainText": "Export plain text",
      "FileExportCustomTextFormat1": "Export custom text format 1",
      "FileExportCustomTextFormat2": "Export custom text format 2",
      "FileExportCustomTextFormat3": "Export custom text format 3",
      "FileExit": "Exit",
      "OpenSeDataFolder": "Open Subtitle Edit folder",
      "EditFind": "Find",
      "EditFindNext": "Find next",
      "EditReplace": "Replace",
      "EditMultipleReplace": "Multiple replace",
      "EditModifySelection": "Modify selection",
      "ListSelectAll": "Select all",
      "ListSelectFirst": "Select first",
      "ListSelectLast": "Select last",
      "ListInverseSelection": "Inverse selection",
      "ListDeleteSelection": "Delete selection",
      "AutoTranslate": "Auto-translate",
      "Settings": "Settings",
      "Assigned": "Assigned",
      "Unassigned": "Unassigned"
    }
  },
  "Help": {}
}