﻿{
  "title": "Subtitle Edit",
  "version": "Version 5.0.0",
  "translatedBy": "",
  "cultureName": "en-US",
  "general": {
    "actor": "Actor",
    "advanced": "Advanced",
    "after": "After",
    "all": "All",
    "allFiles": "All files",
    "apply": "Apply",
    "applyTo": "Apply to",
    "audioFiles": "Audio files",
    "before": "Before",
    "beforeX": "Before \u0027{0}\u0027",
    "bold": "Bold",
    "cancel": "C_ancel",
    "changeLanguageFilter": "Change language filter...",
    "character": "Character",
    "charsPerSec": "Chars/sec",
    "class": "Class",
    "close": "Close",
    "collapse": "Collapse",
    "currentSubtitle": "Current subtitle",
    "deleteCurrentLine": "Delete current line",
    "download": "Download",
    "downloadX": "Download {0}",
    "duration": "Duration",
    "endTime": "End time",
    "error": "Error",
    "exampleX": "Example: {0}",
    "fileNameXAndSize": "File name: {0} ({1})",
    "fonts": "Fonts",
    "frameRate": "Frame rate",
    "frameRateX": "Frame rate: {0:0.0###}",
    "gap": "Gap",
    "generalText": "General",
    "height": "Height",
    "hide": "Hide",
    "hidePreview": "Hide preview",
    "hourMinutesSecondsDecimalSeparatorMilliseconds": "Hour:min:sec{0}ms",
    "hourMinutesSecondsFrames": "Hour:min:sec:frames",
    "ip": "IP",
    "images": "Images",
    "invertSelection": "Invert selection",
    "italic": "Italic",
    "layer": "Layer",
    "lineNumber": "Line#",
    "model": "Model",
    "moreInfo": "More info",
    "name": "Name",
    "negative": "Negative",
    "no": "No",
    "noVideoLoaded": "No video loaded",
    "none": "None",
    "notAvailable": "N/A",
    "number": "Number",
    "numberSymbol": "#",
    "ok": "_OK",
    "onlineVideoFeatureNotAvailable": "Feature not available for online video",
    "openOriginalSubtitleFile": "Open original subtitle file...",
    "openSubtitle": "Open subtitle...",
    "openVideoFile": "Open video file...",
    "openVideoFileTitle": "Open video file...",
    "originalText": "Original text",
    "overlap": "Overlap",
    "overlapNextX": "Overlap next ({0:#;##0.###})",
    "overlapPreviousLineX": "Overlap prev line ({0:#;##0.###})",
    "overlapStartAndEnd": "Overlap start and end",
    "overlapX": "Overlap ({0:#;##0.###})",
    "pleaseWait": "Please wait...",
    "preview": "Preview",
    "region": "Region",
    "regularExpressionIsNotValid": "Regular expression is not valid!",
    "reset": "Reset",
    "resolutionX": "Resolution: {0}",
    "search": "Search",
    "selectAll": "Select all",
    "sessionKey": "Session key",
    "sessionKeyGenerate": "Generate new key",
    "settings": "Settings",
    "shortcutX": "Shortcut: {0}",
    "show": "Show",
    "showPreview": "Show preview",
    "singleLineLengths": "Single line length:",
    "size": "Size",
    "splitLine": "Split line!",
    "startTime": "Start time",
    "strikeout": "Strikeout",
    "style": "Style",
    "styleLanguage": "Style / Language",
    "subtitleFile": "Subtitle file",
    "subtitleFiles": "Subtitle files",
    "text": "Text",
    "totalFramesX": "Total frames: {0:#;##0.##}",
    "totalLengthX": "Total length: {0}",
    "totalLengthXSplitLine": "Total length: {0} (split line!)",
    "underline": "Underline",
    "useLargerFontForThisWindow": "Use larger font for this window",
    "userName": "Username",
    "userNameAlreadyInUse": "Username already in use",
    "videoEncodingX": "Video encoding: {0}",
    "videoFiles": "Video files",
    "videoInformation": "Video info",
    "viewX": "View {0}",
    "visible": "Visible",
    "warning": "Warning",
    "webServiceUrl": "Webservice URL",
    "width": "Width",
    "wordsPerMin": "Words/min",
    "xSeconds": "{0:0.0##} seconds",
    "yes": "Yes",
    "delete": "Delete",
    "insertAfter": "Insert after",
    "insertBefore": "Insert before",
    "mergeBefore": "Merge with line before",
    "mergeAfter": "Merge with line after",
    "mergeSelected": "Merge selected",
    "mergeSelectedAsDialog": "Merge selected as dialog",
    "subtitleFormat": "Subtitle format",
    "encoding": "Encoding"
  },
  "main": {
    "menu": {
      "file": "File",
      "new": "New",
      "open": "Open...",
      "reopen": "Reopen...",
      "clearRecentFiles": "Clear recent files",
      "restoreAutoBackup": "Restore auto-backup...",
      "save": "Save",
      "saveAs": "Save as...",
      "export": "Export",
      "exit": "Exit",
      "edit": "Edit",
      "undo": "Undo",
      "redo": "Redo",
      "showHistory": "Show history...",
      "find": "Find...",
      "findNext": "Find next",
      "replace": "Replace...",
      "multipleReplace": "Multiple replace...",
      "goToLineNumber": "Go to line number...",
      "tools": "Tools",
      "adjustDurations": "Adjust durations...",
      "fixCommonErrors": "Fix common errors...",
      "removeTextForHearingImpaired": "Remove text for hearing impaired...",
      "changeCasing": "Change casing...",
      "batchConvert": "Batch convert...",
      "spellCheckTitle": "Spell check",
      "spellCheck": "Spell check...",
      "getDictionaries": "Get dictionaries...",
      "video": "Video",
      "openVideo": "Open video...",
      "openVideoFromUrl": "Open video from URL...",
      "closeVideoFile": "Close video file",
      "speechToText": "Speech to text...",
      "textToSpeech": "Text to speech...",
      "generateBurnIn": "Generate video with burned-in subtitles...",
      "generateTransparent": "Generate transparent video with subtitles...",
      "synchronization": "Synchronization",
      "adjustAllTimes": "Adjust all times...",
      "changeFrameRate": "Change frame rate...",
      "changeSpeed": "Change speed...",
      "options": "Options",
      "settings": "Settings...",
      "shortcuts": "Shortcuts...",
      "chooseLanguage": "Choose language...",
      "wordLists": "Word lists...",
      "translate": "Translate",
      "autoTranslate": "Auto-translate...",
      "helpTitle": "Help",
      "help": "Help...",
      "about": "About..."
    },
    "charactersPerSecond": "Chars/second: {0}",
    "singleLineLength": "Line length: {0}",
    "totalCharacters": "Total chars: {0}"
  },
  "file": {
    "ebuSaveOptions": {
      "title": "EBU save options",
      "generalSubtitleInformation": "General subtitle information",
      "codePageNumber": "Code page number",
      "diskFormatCode": "Disk format code",
      "displayStandardCode": "Display standard code",
      "colorRequiresTeletext": "Colors require teletext!",
      "alignmentRequiresTeletext": "Alignment requires teletext!",
      "teletextCharsShouldBe38": "\u0027Max# of chars per row\u0027 for teletext should be 38!",
      "characterCodeTable": "Character table",
      "languageCode": "Language code",
      "originalProgramTitle": "Original program title",
      "originalEpisodeTitle": "Original episode title",
      "translatedProgramTitle": "Translated program title",
      "translatedEpisodeTitle": "Translated episode title",
      "translatorsName": "Translator\u0027s name",
      "subtitleListReferenceCode": "Subtitle list reference code",
      "countryOfOrigin": "Country of origin",
      "timeCodeStatus": "Time code status",
      "timeCodeStartOfProgramme": "Time code: Start of programme",
      "revisionNumber": "Revision number",
      "maxNoOfDisplayableChars": "Max# of chars per row",
      "maxNumberOfDisplayableRows": "Max# of rows",
      "diskSequenceNumber": "Disk sequence number",
      "totalNumberOfDisks": "Total number of disks",
      "import": "Import...",
      "textAndTimingInformation": "Text and timing information",
      "justificationCode": "Justification code",
      "verticalPosition": "Vertical position",
      "marginTop": "Margin top (for top aligned subtitles)",
      "marginBottom": "Margin bottom (for bottom aligned subtitles)",
      "newLineRows": "Number of rows added by a new line",
      "teletext": "Teletext",
      "useBox": "Use box around text",
      "doubleHeight": "Use double height for text",
      "errors": "Errors",
      "errorsX": "Errors: {0}",
      "maxLengthError": "Line {0} exceeds max length ({1}) by {2}: {3}",
      "textUnchangedPresentation": "Unchanged presentation",
      "textLeftJustifiedText": "Left justified text",
      "textCenteredText": "Centered text",
      "textRightJustifiedText": "Right justified text",
      "useBoxForOneNewLine": "Check \u0027Use box around text\u0027 for only one new-line"
    }
  },
  "edit": {},
  "tools": {
    "fixCommonErrors": {
      "title": "Fix common errors",
      "step1": "Step 1/2 - Choose which errors to fix",
      "whatToFix": "What to fix",
      "example": "Example",
      "selectAll": "Select all",
      "inverseSelection": "Invert selection",
      "back": "\u003C \u0026Back",
      "next": "\u0026Next \u003E",
      "step2": "Step 2/2 - Verify fixes",
      "fixes": "Fixes",
      "log": "Log",
      "function": "Function",
      "removedEmptyLine": "Remove empty line",
      "removedEmptyLineAtTop": "Remove empty line at top",
      "removedEmptyLineAtBottom": "Remove empty line at bottom",
      "removedEmptyLineInMiddle": "Remove empty line in middle",
      "removedEmptyLinesUnusedLineBreaks": "Remove empty lines/unused line breaks",
      "fixOverlappingDisplayTimes": "Fix overlapping display times",
      "fixShortDisplayTimes": "Fix short display times",
      "fixLongDisplayTimes": "Fix long display times",
      "fixShortGaps": "Fix short gaps",
      "fixInvalidItalicTags": "Fix invalid italic tags",
      "removeUnneededSpaces": "Remove unneeded spaces",
      "removeUnneededPeriods": "Remove unneeded periods",
      "fixCommas": "Fix commas",
      "fixMissingSpaces": "Fix missing spaces",
      "breakLongLines": "Break long lines",
      "removeLineBreaks": "Remove line breaks in short texts with only one sentence",
      "removeLineBreaksAll": "Remove line breaks in short texts (all except dialogs)",
      "removeLineBreaksPixelWidth": "Unbreak subtitles that can fit on one line (pixel width)",
      "fixUppercaseIInsideLowercaseWords": "Fix uppercase \u0027i\u0027 inside lowercase words (OCR error)",
      "fixDoubleApostrophes": "Fix double apostrophe characters (\u0027\u0027) to a single quote (\u0022)",
      "addPeriods": "Add period after lines where next line starts with uppercase letter",
      "startWithUppercaseLetterAfterParagraph": "Start with uppercase letter after paragraph",
      "startWithUppercaseLetterAfterPeriodInsideParagraph": "Start with uppercase letter after period inside paragraph",
      "startWithUppercaseLetterAfterColon": "Start with uppercase letter after colon/semicolon",
      "fixLowercaseIToUppercaseI": "Fix alone lowercase \u0027i\u0027 to \u0027I\u0027 (English)",
      "fixCommonOcrErrors": "Fix common OCR errors (using OCR replace list)",
      "commonOcrErrorsFixed": "Common OCR errors fixed (OcrReplaceList file used): {0}",
      "removeSpaceBetweenNumber": "Remove space between numbers",
      "breakDialogsOnOneLine": "Split dialogs on one line",
      "removeDialogFirstInNonDialogs": "Remove start dash in first line for non-dialogs",
      "normalizeStrings": "Normalize strings",
      "fixTurkishAnsi": "Fix Turkish ANSI (Icelandic) letters to Unicode",
      "fixDanishLetterI": "Fix Danish letter \u0027i\u0027",
      "fixSpanishInvertedQuestionAndExclamationMarks": "Fix Spanish inverted question and exclamation marks",
      "addMissingQuote": "Add missing quote (\u0022)",
      "addMissingQuotes": "Add missing quotes (\u0022)",
      "removeHyphensSingleLine": "Remove dialog dashes in single lines",
      "fixHyphensInDialogs": "Fix dash in dialogs via style: {0}",
      "addMissingQuotesExample": "\u0022How are you? -\u003E \u0022How are you?\u0022",
      "xMissingQuotesAdded": "Missing quotes added: {0}",
      "fix3PlusLine": "Fix subtitle with more than two lines",
      "fix3PlusLines": "Fix subtitles with more than two lines",
      "analysing": "Analyzing...",
      "nothingToFix": "Nothing to fix :)",
      "fixesFoundX": "Fixes found: {0}",
      "xFixesApplied": "Fixes applied: {0}",
      "nothingFixableBut": "Nothing could be fixed automatically. The subtitle contains errors - see log for details",
      "xFixedBut": "{0} issue(s) fixed but the subtitle still contains errors - see log for details",
      "xCouldBeFixedBut": "{0} issue(s) could be fixed but the subtitle will still contain errors - see log for details",
      "fixFirstLetterToUppercaseAfterParagraph": "Fix first letter to uppercase after paragraph",
      "mergeShortLine": "Merge short line (single sentence)",
      "mergeShortLineAll": "Merge short line (all except dialogs)",
      "unbreakShortLinePixelWidth": "Unbreak short line (pixel width)",
      "breakLongLine": "Break long line",
      "fixLongDisplayTime": "Fix long display time",
      "fixInvalidItalicTag": "Fix invalid italic tag",
      "fixShortDisplayTime": "Fix short display time",
      "fixOverlappingDisplayTime": "Fix overlapping display time",
      "fixShortGap": "Fix short gap",
      "fixInvalidItalicTagsExample": "\u003Ci\u003EWhat do I care.\u003Ci\u003E -\u003E \u003Ci\u003EWhat do I care.\u003C/i\u003E",
      "removeUnneededSpacesExample": "Hey   you ; there. -\u003E Hey you; there.",
      "removeUnneededPeriodsExample": "Hey you!. -\u003E Hey you!",
      "fixMissingSpacesExample": "Hey.You. -\u003E Hey. You.",
      "fixUppercaseIInsideLowercaseWordsExample": "The earth is fIat. -\u003E The earth is flat.",
      "fixLowercaseIToUppercaseIExample": "What do i care. -\u003E What do I care.",
      "startTimeLaterThanEndTime": "Text number {0}: Start time is later than end time: {4}{1} -\u003E {2} {3}",
      "unableToFixStartTimeLaterThanEndTime": "Unable to fix text number {0}: Start time is later than end time: {1}",
      "xFixedToYZ": "{0} fixed to: {1}{2}",
      "unableToFixTextXY": "Unable to fix text number {0}: {1}",
      "unneededSpace": "Unneeded space",
      "unneededPeriod": "Unneeded period",
      "fixMissingSpace": "Fix missing space",
      "fixUppercaseIInsideLowercaseWord": "Fix uppercase \u0027i\u0027 inside lowercase word",
      "fixMissingPeriodAtEndOfLine": "Add missing period at end of line",
      "refreshFixes": "Refresh available fixes",
      "applyFixes": "A\u0026pply selected fixes",
      "autoBreak": "Auto \u0026br",
      "unbreak": "\u0026Unbreak",
      "fixDoubleDash": "Fix \u0027--\u0027 -\u003E \u0027...\u0027",
      "fixDoubleGreaterThan": "Remove \u0027\u003E\u003E\u0027",
      "fixEllipsesStart": "Remove leading \u0027...\u0027",
      "fixMissingOpenBracket": "Fix missing [ or ( in line",
      "fixMusicNotation": "Replace music symbols (e.g. \u00E2T\u00AA) with preferred symbol",
      "fixDoubleDashExample": "\u0027Whoa-- um yeah!\u0027 -\u003E \u0027Whoa... um yeah!\u0027",
      "fixDoubleGreaterThanExample": "\u0027\u003E\u003E Robert: Sup dude!\u0027 -\u003E \u0027Robert: Sup dude!\u0027",
      "fixEllipsesStartExample": "\u0027... and then we\u0027 -\u003E \u0027and then we\u0027",
      "fixMissingOpenBracketExample": "\u0027clanks] Look out!\u0027 -\u003E \u0027[clanks] Look out!\u0027",
      "fixMusicNotationExample": "\u0027\u00E2T\u00AA sweet dreams are\u0027 -\u003E \u0027\u266B sweet dreams are\u0027",
      "numberOfImportantLogMessages": "{0} important log messages!",
      "fixedOkXY": "Fixed and OK - \u0027{0}\u0027: {1}",
      "fixOcrErrorExample": "D0n\u0027t -\u003E Don\u0027t",
      "fixSpaceBetweenNumbersExample": "1 100 -\u003E 1100",
      "fixDialogsOneLineExample": "Hi John! - Hi Ida! -\u003E Hi John!\u003Cbr /\u003E- Hi Ida!",
      "removeDialogFirstInNonDialogsExample": "- How are you? -\u003E How are you?",
      "selectDefault": "Select default",
      "setDefault": "Set current fixes as default",
      "fixContinuationStyleX": "Fix continuation style: {0}",
      "fixUnnecessaryLeadingDots": "Remove unnecessary leading dots"
    },
    "adjustDurations": {
      "title": "Adjust durations",
      "adjustVia": "Adjust via",
      "seconds": "Seconds",
      "percent": "Percent",
      "recalculate": "Recalculate",
      "addSeconds": "Add seconds",
      "setAsPercent": "Set as percent of duration",
      "note": "Note: Display time will not overlap start time of next text",
      "fixed": "Fixed",
      "milliseconds": "Milliseconds",
      "extendOnly": "Extend only",
      "enforceDurationLimits": "Enforce minimum and maximum duration",
      "checkShotChanges": "Don\u0027t extend past shot changes",
      "batchCheckShotChanges": "Respect shot changes (if available)"
    },
    "changeCasing": {
      "title": "Change casing",
      "fixNames": "Fix names"
    }
  },
  "spellCheck": {},
  "video": {
    "videoBurnIn": {
      "title": "Generate video with burned-in subtitles",
      "infoAssaOff": "Note: Advanced SubStation Alpha styling supported.",
      "infoAssaOn": "Note: Advanced SubStation Alpha styling will be used :)",
      "xGeneratedWithBurnedInSubsInX": "\u0022{0}\u0022 generated with burned-in subtitle in {1}.",
      "timeRemainingMinutes": "Time remaining: {0} minutes",
      "timeRemainingOneMinute": "Time remaining: One minute",
      "timeRemainingSeconds": "Time remaining: {0} seconds",
      "timeRemainingAFewSeconds": "Time remaining: A few seconds",
      "timeRemainingMinutesAndSeconds": "Time remaining: {0} minutes and {1} seconds",
      "timeRemainingOneMinuteAndSeconds": "Time remaining: One minute and {0} seconds",
      "targetFileName": "Target file name: {0}",
      "targetFileSize": "Target file size (requires 2 pass encoding)",
      "fileSizeMb": "File size in MB",
      "passX": "Pass {0}",
      "encoding": "Encoding",
      "bitRate": "Bit rate",
      "totalBitRateX": "Total bit rate: {0}",
      "sampleRate": "Sample rate",
      "audio": "Audio",
      "stereo": "Stereo",
      "preset": "Preset",
      "pixelFormat": "Pixel format",
      "crf": "CRF",
      "tuneFor": "Tune for",
      "alignRight": "Align right",
      "getStartPosition": "Get start position",
      "getEndPosition": "Get end position",
      "useSource": "Use source",
      "useSourceResolution": "Use source resolution",
      "outputSettings": "Output file/folder..."
    },
    "videoTransparent": {
      "title": "Generate transparent video with subtitles",
      "infoAssaOff": "Note: Advanced SubStation Alpha styling supported.",
      "infoAssaOn": "Note: Advanced SubStation Alpha styling will be used :)"
    }
  },
  "sync": {},
  "options": {
    "settings": {
      "dialogStyle": "Dialog style",
      "dialogStyleDashSecondLineWithoutSpace": "Dash second line without space",
      "dialogStyleDashSecondLineWithSpace": "Dash second line with space",
      "dialogStyleDashBothLinesWithSpace": "Dash both lines with space",
      "dialogStyleDashBothLinesWithoutSpace": "Dash both lines without space",
      "continuationStyle": "Continuation style",
      "continuationStyleNone": "None",
      "continuationStyleNoneTrailingDots": "None, dots for pauses (trailing only)",
      "continuationStyleNoneLeadingTrailingDots": "None, dots for pauses",
      "continuationStyleNoneTrailingEllipsis": "None, ellipsis for pauses (trailing only)",
      "continuationStyleNoneLeadingTrailingEllipsis": "None, ellipsis for pauses",
      "continuationStyleOnlyTrailingDots": "Dots (trailing only)",
      "continuationStyleLeadingTrailingDots": "Dots",
      "continuationStyleOnlyTrailingEllipsis": "Ellipsis (trailing only)",
      "continuationStyleLeadingTrailingEllipsis": "Ellipsis",
      "continuationStyleLeadingTrailingDash": "Dash",
      "continuationStyleLeadingTrailingDashDots": "Dash, but dots for pauses",
      "continuationStyleCustom": "Custom",
      "cpsLineLengthStyle": "Cps/line-length",
      "cpsLineLengthStyleCalcAll": "Count all characters",
      "cpsLineLengthStyleCalcNoSpaceCpsOnly": "Count all except space, cps only",
      "cpsLineLengthStyleCalcNoSpace": "Count all except space",
      "cpsLineLengthStyleCalcCjk": "CJK 1, Latin 0.5",
      "cpsLineLengthStyleCalcCjkNoSpace": "CJK 1, Latin 0.5, space 0",
      "cpsLineLengthStyleCalcIncludeCompositionCharacters": "Include composition characters",
      "cpsLineLengthStyleCalcIncludeCompositionCharactersNotSpace": "Include composition characters, not space",
      "cpsLineLengthStyleCalcNoSpaceOrPunctuation": "No space or punctuation ()[]-:;,.!?",
      "cpsLineLengthStyleCalcNoSpaceOrPunctuationCpsOnly": "No space or punctuation, CPS only",
      "timeCodeModeHhMmSsMs": "HH:MM:SS:MS",
      "timeCodeModeHhMmSsFf": "HH:MM:SS:FF",
      "splitBehaviorPrevious": "Add gap to the left of split point (focus right)",
      "splitBehaviorHalf": "Add gap in the center of split point (focus left)",
      "splitBehaviorNext": "Add gap to the right of split point (focus left)",
      "subtitleListActionNothing": "Nothing",
      "subtitleListActionVideoGoToPositionAndPause": "Go to video position and pause",
      "subtitleListActionVideoGoToPositionAndPlay": "Go to video position and play",
      "subtitleListActionVideoGoToPositionAndPlayCurrentAndPause": "Go to video position, play current, and pause",
      "subtitleListActionEditText": "Go to edit text box",
      "subtitleListActionVideoGoToPositionMinus1SecAndPause": "Go to video position - 1 s and pause",
      "subtitleListActionVideoGoToPositionMinusHalfSecAndPause": "Go to video position - 0.5 s and pause",
      "subtitleListActionVideoGoToPositionMinus1SecAndPlay": "Go to video position - 1 s and play",
      "subtitleListActionEditTextAndPause": "Go to edit text box, and pause at video position",
      "autoBackupEveryMinute": "Every minute",
      "autoBackupEveryXthMinute": "Every {0}th minute",
      "autoBackupDeleteAfterXMonths": "Delete auto-backups after {0} months"
    },
    "shortcuts": {
      "title": "Shortcuts",
      "searchShortcuts": "Search shortcuts...",
      "filter": "Filter",
      "categoryGeneral": "General",
      "categorySubtitleGridAndTextBox": "Subtitle list view \u0026 text box",
      "categorySubtitleGrid": "Subtitle list view",
      "categoryWaveform": "Waveform",
      "generalMergeSelectedLines": "Merge selected lines",
      "generalMergeWithPrevious": "Merge with previous",
      "generalMergeWithNext": "Merge with next",
      "generalMergeWithPreviousAndUnbreak": "Merge with previous and unbreak",
      "generalMergeWithNextAndUnbreak": "Merge with next and unbreak",
      "generalMergeWithPreviousAndAutoBreak": "Merge with previous and auto-break",
      "generalMergeWithNextAndAutoBreak": "Merge with next and auto-break",
      "generalMergeSelectedLinesAndAutoBreak": "Merge selected lines and auto-break",
      "generalMergeSelectedLinesAndUnbreak": "Merge selected lines and unbreak",
      "generalMergeSelectedLinesAndUnbreakCjk": "Merge selected lines and unbreak CJK",
      "generalMergeSelectedLinesOnlyFirstText": "Merge selected lines only first text",
      "generalMergeSelectedLinesBilingual": "Merge selected lines bilingual",
      "generalMergeWithPreviousBilingual": "Merge with previous bilingual",
      "generalMergeWithNextBilingual": "Merge with next bilingual",
      "generalMergeOriginalAndTranslation": "Merge original and translation",
      "generalToggleTranslationMode": "Toggle translation mode",
      "generalSwitchOriginalAndTranslation": "Switch original and translation",
      "generalSwitchOriginalAndTranslationTextBoxes": "Switch original and translation text boxes",
      "generalChooseLayout": "Choose layout",
      "generalLayoutChooseX": "Layout {0}",
      "generalPlayFirstSelected": "Play first selected",
      "generalGoToFirstSelectedLine": "Go to first selected line",
      "generalGoToNextEmptyLine": "Go to next empty line",
      "generalGoToNextSubtitle": "Go to next subtitle",
      "generalGoToNextSubtitlePlayTranslate": "Go to next subtitle (play translate)",
      "generalGoToNextSubtitleCursorAtEnd": "Go to next subtitle (cursor at end)",
      "generalGoToPrevSubtitle": "Go to prev subtitle",
      "generalGoToPrevSubtitlePlayTranslate": "Go to prev subtitle (play translate)",
      "generalGoToStartOfCurrentSubtitle": "Go to start of current subtitle",
      "generalGoToEndOfCurrentSubtitle": "Go to end of current subtitle",
      "generalGoToPreviousSubtitleAndFocusVideo": "Go to previous subtitle and focus video",
      "generalGoToNextSubtitleAndFocusVideo": "Go to next subtitle and focus video",
      "generalGoToPrevSubtitleAndPlay": "Go to prev subtitle and play",
      "generalGoToNextSubtitleAndPlay": "Go to next subtitle and play",
      "generalGoToPreviousSubtitleAndFocusWaveform": "Go to previous subtitle and focus waveform",
      "generalGoToNextSubtitleAndFocusWaveform": "Go to next subtitle and focus waveform",
      "generalGoToLineNumber": "Go to line number",
      "generalToggleItalic": "Toggle italic",
      "generalToggleBold": "Toggle bold",
      "generalToggleBookmarks": "Toggle bookmarks",
      "generalFocusTextBox": "Focus text box",
      "generalToggleBookmarksWithText": "Toggle bookmarks with text",
      "generalEditBookmarks": "Edit bookmarks",
      "fileNew": "New",
      "fileOpen": "Open",
      "fileOpenKeepVideo": "Open (keep video)",
      "fileSave": "Save",
      "fileSaveAs": "Save as",
      "fileSaveAll": "Save all",
      "fileSaveOriginal": "Save original",
      "fileSaveOriginalAs": "Save original as",
      "fileOpenOriginalSubtitle": "Open original subtitle",
      "fileCloseOriginalSubtitle": "Close original subtitle",
      "fileTranslatedSubtitle": "Translated subtitle",
      "fileCompare": "Compare",
      "fileImportPlainText": "Import plain text",
      "fileImportBluRaySupForOcr": "Import Blu-ray SUP for OCR",
      "fileImportBluRaySupForEdit": "Import Blu-ray SUP for edit",
      "fileImportTimeCodes": "Import time codes",
      "fileExportEbuStl": "Export EBU STL",
      "fileExportPac": "Export PAC",
      "fileExportEdlClipName": "Export EDL clip name",
      "fileExportPlainText": "Export plain text",
      "fileExportCustomTextFormat1": "Export custom text format 1",
      "fileExportCustomTextFormat2": "Export custom text format 2",
      "fileExportCustomTextFormat3": "Export custom text format 3",
      "fileExit": "Exit",
      "openSeDataFolder": "Open Subtitle Edit folder",
      "editFind": "Find",
      "editFindNext": "Find next",
      "editReplace": "Replace",
      "editMultipleReplace": "Multiple replace",
      "editModifySelection": "Modify selection",
      "listSelectAll": "Select all",
      "listSelectFirst": "Select first",
      "listSelectLast": "Select last",
      "listInverseSelection": "Inverse selection",
      "listDeleteSelection": "Delete selection",
      "autoTranslate": "Auto-translate",
      "settings": "Settings",
      "assigned": "Assigned",
      "unassigned": "Unassigned"
    }
  },
  "help": {}
}