﻿<NoBreakAfterList>
  <Item>Dr</Item>
  <Item>Dr.</Item>
  <Item>Fr</Item>
  <Item>Fr.</Item>
  <Item>Frk</Item>
  <Item>Frk.</Item>
  <Item>Hr</Item>
  <Item>Hr.</Item>
  <Item>dr</Item>
  <Item>dr.</Item>
  <Item>fr</Item>
  <Item>fr.</Item>
  <Item>frk</Item>
  <Item>frk.</Item>
  <Item>hr</Item>
  <Item>hr.</Item>
  <Item>den</Item>
  <Item>det</Item>
  <Item>en</Item>
  <Item>ene</Item>
  <Item>enen</Item>
  <Item>et</Item>
  <Item>etene</Item>
  <Item>etet</Item>
</NoBreakAfterList>