﻿<words>
  <word>100%ig</word>
  <word>15er</word>
  <word>17motion</word>
  <word>5°c</word>
  <word>60er</word>
  <word>70er</word>
  <word>80er</word>
  <word>a2l</word>
  <word>a44</word>
  <word>aah</word>
  <word>abdominelle</word>
  <word>abend</word>
  <word>abenteuerlustigen</word>
  <word>abfrieren</word>
  <word>abgeblieben</word>
  <word>abgefackelt</word>
  <word>abgelichtet</word>
  <word>abgeluchst</word>
  <word>abgemurkst</word>
  <word>abgeschaut</word>
  <word>abgesoffen</word>
  <word>abgespaltet</word>
  <word>abgesprengt</word>
  <word>abgezockt</word>
  <word>abgöttisch</word>
  <word>abhaben</word>
  <word>abhäuten</word>
  <word>abkacheln</word>
  <word>ablegmöglichkeit</word>
  <word>ablief</word>
  <word>abrappeln</word>
  <word>abrasiert</word>
  <word>absäuft</word>
  <word>abschädeln</word>
  <word>abschlafft</word>
  <word>abschrubben</word>
  <word>abspann</word>
  <word>absprengung</word>
  <word>abstrullern</word>
  <word>abtanzen</word>
  <word>abtaster</word>
  <word>abtastern</word>
  <word>abwies</word>
  <word>abzugelten</word>
  <word>abzuhacken</word>
  <word>abzuladen</word>
  <word>abzuschirmen</word>
  <word>abzuschlachten</word>
  <word>abzuschleppen</word>
  <word>abzuschwören</word>
  <word>abzuwischen</word>
  <word>abzuzielen</word>
  <word>achillessehne</word>
  <word>achleitner</word>
  <word>achtern</word>
  <word>actiongeladene</word>
  <word>active</word>
  <word>adenosin</word>
  <word>admin</word>
  <word>adrenalinschub</word>
  <word>aerobic</word>
  <word>afroamerikaner</word>
  <word>afroamerikanerin</word>
  <word>afrolocken</word>
  <word>ah</word>
  <word>äh</word>
  <word>aha</word>
  <word>ahead</word>
  <word>ähem</word>
  <word>ähm</word>
  <word>air</word>
  <word>akkordeonmusik</word>
  <word>algenpackung</word>
  <word>algenstreifen</word>
  <word>alkoholbedingt</word>
  <word>allerfeinsten</word>
  <word>allerhöchstens</word>
  <word>allzeit</word>
  <word>alps</word>
  <word>american</word>
  <word>amüsier</word>
  <word>analgesie</word>
  <word>anästhesieteam</word>
  <word>anbindeleitung</word>
  <word>andersrum</word>
  <word>andockschacht</word>
  <word>andrücken</word>
  <word>aneinandergebaut</word>
  <word>aneinandergeschräubelt</word>
  <word>angefunkt</word>
  <word>angenietet</word>
  <word>angeschleppt</word>
  <word>angsterfüllt</word>
  <word>anhast</word>
  <word>anhat</word>
  <word>anheuern</word>
  <word>anheuerten</word>
  <word>anholen</word>
  <word>anisokorie</word>
  <word>anknabbern</word>
  <word>anlagenspezifischen</word>
  <word>anluven</word>
  <word>annahm</word>
  <word>annullierungs</word>
  <word>anpiepsen</word>
  <word>anpiepst</word>
  <word>anpiept</word>
  <word>anrufankommen</word>
  <word>anschleicht</word>
  <word>anstecker</word>
  <word>anteriore</word>
  <word>antesten</word>
  <word>anzufassen</word>
  <word>anzufeuem</word>
  <word>anzuschneiden</word>
  <word>anzustecken</word>
  <word>anzuwerfen</word>
  <word>anzuzweifeln</word>
  <word>aorta</word>
  <word>apnoisch</word>
  <word>arschkriecher</word>
  <word>asbestmatte</word>
  <word>association</word>
  <word>astrein</word>
  <word>astreinen</word>
  <word>asystolie</word>
  <word>aszendenten</word>
  <word>at</word>
  <word>attentatversuch</word>
  <word>aua</word>
  <word>audio</word>
  <word>aufblenden</word>
  <word>aufblühende</word>
  <word>aufgegabelt</word>
  <word>aufholmodus</word>
  <word>aufhören</word>
  <word>auf'm</word>
  <word>aufrechterhalten</word>
  <word>aufrechtzuerhalten</word>
  <word>aufreißer</word>
  <word>auf's</word>
  <word>aufweckphase</word>
  <word>aufzukreuzen</word>
  <word>aufzuladen</word>
  <word>aufzumuntern</word>
  <word>aufzupassen</word>
  <word>aufzuwachen</word>
  <word>aufzuwischen</word>
  <word>ausbremsen</word>
  <word>ausbruchsicher</word>
  <word>ausbügeln</word>
  <word>auschecken</word>
  <word>auseinanderliegen</word>
  <word>auseinandernehmen</word>
  <word>ausflippen</word>
  <word>ausgebohrte</word>
  <word>ausgeflippt</word>
  <word>ausgeflippter</word>
  <word>ausgekippt</word>
  <word>ausgerastet</word>
  <word>ausgereifteren</word>
  <word>ausgeschickt</word>
  <word>ausgetrickst</word>
  <word>ausheizprogramm</word>
  <word>ausholphase</word>
  <word>auskannte</word>
  <word>aus'm</word>
  <word>ausräuchern</word>
  <word>ausroll</word>
  <word>ausschießen</word>
  <word>ausschläft</word>
  <word>ausschwärmen</word>
  <word>aussitzen</word>
  <word>austicken</word>
  <word>austricksen</word>
  <word>ausweglosigkeit</word>
  <word>auszuräuchern</word>
  <word>auszusagen</word>
  <word>auszusteigen</word>
  <word>auszutricksen</word>
  <word>autorisation</word>
  <word>autorisierungscode</word>
  <word>autsch</word>
  <word>average</word>
  <word>avpu</word>
  <word>aztekengold</word>
  <word>babylein</word>
  <word>babysitten</word>
  <word>babysitter</word>
  <word>babysitterin</word>
  <word>backbord</word>
  <word>backpfeife</word>
  <word>bag</word>
  <word>balanced</word>
  <word>balkongroße</word>
  <word>bambussprossen</word>
  <word>bedauerns</word>
  <word>beef</word>
  <word>beeil</word>
  <word>beeilung</word>
  <word>befall</word>
  <word>befehlshabende</word>
  <word>befiel</word>
  <word>behalt</word>
  <word>beigetöne</word>
  <word>beiß</word>
  <word>beizugeben</word>
  <word>bekleckert</word>
  <word>bekomm</word>
  <word>belzowski</word>
  <word>bemüh</word>
  <word>benimm</word>
  <word>benutz</word>
  <word>bereitmachen</word>
  <word>berüchtigtsten</word>
  <word>berühr</word>
  <word>beschäftigungs</word>
  <word>beschämendste</word>
  <word>bescheißen</word>
  <word>beschuldige</word>
  <word>beschuldigen</word>
  <word>besorg</word>
  <word>best</word>
  <word>bestatter</word>
  <word>besteh</word>
  <word>bestell</word>
  <word>bestiehlt</word>
  <word>bestraf</word>
  <word>besuch</word>
  <word>beug</word>
  <word>beule</word>
  <word>bewach</word>
  <word>beweg</word>
  <word>bezahl</word>
  <word>bezirzt</word>
  <word>biden</word>
  <word>biedermannmaske</word>
  <word>bin's</word>
  <word>bio</word>
  <word>birklbauer</word>
  <word>birthday</word>
  <word>bissel</word>
  <word>bissspuren</word>
  <word>bittersüß</word>
  <word>bittersüßer</word>
  <word>bittersüßes</word>
  <word>bleibt's</word>
  <word>blinzel</word>
  <word>blutleer</word>
  <word>blutsbrüder</word>
  <word>blutstropfen</word>
  <word>boarding</word>
  <word>bolus</word>
  <word>bolusgabe</word>
  <word>bowlingabend</word>
  <word>bowlingbahn</word>
  <word>bowlingkugel</word>
  <word>bowlingkugeln</word>
  <word>bowlingmannschaft</word>
  <word>bowlingteam</word>
  <word>bowlingturnier</word>
  <word>brabbeln</word>
  <word>brabbelt</word>
  <word>brachialispuls</word>
  <word>brachialispulses</word>
  <word>bradyarrhythmien</word>
  <word>bradykardie</word>
  <word>bramsegel</word>
  <word>brassen</word>
  <word>brauchwassersektor</word>
  <word>bravo</word>
  <word>brems</word>
  <word>brilliante</word>
  <word>bring's</word>
  <word>bringt's</word>
  <word>bronchus</word>
  <word>brüder</word>
  <word>brüllen</word>
  <word>brush</word>
  <word>brushes</word>
  <word>brustwarzenlinie</word>
  <word>bspw</word>
  <word>bürgerkrieg</word>
  <word>büro</word>
  <word>bzw</word>
  <word>c11a</word>
  <word>c12a</word>
  <word>ca</word>
  <word>care</word>
  <word>case</word>
  <word>cash</word>
  <word>cashback</word>
  <word>cashbeständen</word>
  <word>cfo</word>
  <word>chat</word>
  <word>chatfunktion</word>
  <word>checken</word>
  <word>checkst</word>
  <word>checkt</word>
  <word>chief</word>
  <word>co2</word>
  <word>coach</word>
  <word>coaching</word>
  <word>college</word>
  <word>community</word>
  <word>compliance</word>
  <word>compliant</word>
  <word>computing</word>
  <word>consortium</word>
  <word>cop</word>
  <word>corona</word>
  <word>coronabedingt</word>
  <word>coronakrise</word>
  <word>countrymusik</word>
  <word>covid</word>
  <word>cpr</word>
  <word>crewmitglied</word>
  <word>crm</word>
  <word>cruisen</word>
  <word>css</word>
  <word>cuff</word>
  <word>cuffdruck</word>
  <word>cugel</word>
  <word>culture</word>
  <word>customer</word>
  <word>customized</word>
  <word>dabeihaben</word>
  <word>dadrüber</word>
  <word>dadrunter</word>
  <word>dämlichste</word>
  <word>darf's</word>
  <word>darling</word>
  <word>dashboard</word>
  <word>datacenter</word>
  <word>date</word>
  <word>datenschutzsicher</word>
  <word>dates</word>
  <word>dauert's</word>
  <word>davonfährst</word>
  <word>davonkamen</word>
  <word>davonliefen</word>
  <word>davonreiten</word>
  <word>davonzulaufen</word>
  <word>day</word>
  <word>dazubehalten</word>
  <word>dazupassen</word>
  <word>dazupasste</word>
  <word>defi</word>
  <word>defibrillierbarer</word>
  <word>definitv</word>
  <word>deins</word>
  <word>dekarbonisierung</word>
  <word>deluxe</word>
  <word>demand</word>
  <word>depolarisiert</word>
  <word>dichtmachen</word>
  <word>dingi</word>
  <word>dingsbums</word>
  <word>dinner</word>
  <word>dinnerparty</word>
  <word>dino</word>
  <word>direktheit</word>
  <word>diversity</word>
  <word>doing</word>
  <word>domestika</word>
  <word>donner</word>
  <word>doppelzüngig</word>
  <word>doppelzüngiger</word>
  <word>dos</word>
  <word>draft</word>
  <word>drafts</word>
  <word>dranbleiben</word>
  <word>dräng</word>
  <word>drangekriegt</word>
  <word>drankriegen</word>
  <word>draufgängerisch</word>
  <word>draufgeklatscht</word>
  <word>draufgekommen</word>
  <word>draufgestürzt</word>
  <word>draufklicke</word>
  <word>draufklicken</word>
  <word>draufkriegen</word>
  <word>draus</word>
  <word>drill</word>
  <word>drinblieb</word>
  <word>drinblieben</word>
  <word>dringeblieben</word>
  <word>dropdown</word>
  <word>drops</word>
  <word>drosselklappen</word>
  <word>drüben</word>
  <word>drüber</word>
  <word>drübergehen</word>
  <word>drücken</word>
  <word>drumrum</word>
  <word>drυckvorgang</word>
  <word>dsgvo</word>
  <word>dummerchen</word>
  <word>dumpfbacke</word>
  <word>durchatmen</word>
  <word>durchbluffen</word>
  <word>durchgeschmolzen</word>
  <word>durchlotsen</word>
  <word>durchquetschen</word>
  <word>durchschmuggeln</word>
  <word>durchtrainierten</word>
  <word>durchwalken</word>
  <word>durchzuschneiden</word>
  <word>durchzuspielen</word>
  <word>du's</word>
  <word>düster</word>
  <word>eagle</word>
  <word>earth</word>
  <word>economic</word>
  <word>eeg</word>
  <word>ehrlichsein</word>
  <word>eimerweise</word>
  <word>einfühlsam</word>
  <word>eingeparkt</word>
  <word>eingewechselt</word>
  <word>elektrodenverpackungen</word>
  <word>elektrolytstörung</word>
  <word>elektrolytstörungen</word>
  <word>en</word>
  <word>end</word>
  <word>endexspiratorische</word>
  <word>endexspiratorischen</word>
  <word>endotrachealen</word>
  <word>endotrachealtuben</word>
  <word>endotrachealtubus</word>
  <word>endottrachealtubus</word>
  <word>entlanglaufen</word>
  <word>environmental</word>
  <word>equity</word>
  <word>erkenn</word>
  <word>erklär</word>
  <word>erp</word>
  <word>erreich</word>
  <word>er's</word>
  <word>ersäufen</word>
  <word>erschaudern</word>
  <word>erschieß</word>
  <word>erschrick</word>
  <word>ersetz</word>
  <word>erstgeborene</word>
  <word>erstmal</word>
  <word>erzähl</word>
  <word>erzähl's</word>
  <word>esg</word>
  <word>eskortieren</word>
  <word>etc</word>
  <word>eurchf</word>
  <word>fachhandwerkliche</word>
  <word>factory</word>
  <word>fahrgestellnummer</word>
  <word>fake</word>
  <word>falcon</word>
  <word>fällt's</word>
  <word>fanden's</word>
  <word>fand's</word>
  <word>fang</word>
  <word>fanpost</word>
  <word>fantasiert</word>
  <word>farbklecks</word>
  <word>farbspray</word>
  <word>fass</word>
  <word>feedbackdisplay</word>
  <word>feedbackgeräte</word>
  <word>feedbackgeräts</word>
  <word>feedbackmodul</word>
  <word>feier</word>
  <word>feinkostladen</word>
  <word>feintuning</word>
  <word>femoralispuls</word>
  <word>fernseh</word>
  <word>festzusitzen</word>
  <word>fiert</word>
  <word>find</word>
  <word>findet's</word>
  <word>find's</word>
  <word>fiskal</word>
  <word>fleischbällchen</word>
  <word>fliegen</word>
  <word>flimmerkiste</word>
  <word>flüssigkeitsboli</word>
  <word>flüssigkeitsbolus</word>
  <word>flüssigkeitsrefraktärem</word>
  <word>food</word>
  <word>footer</word>
  <word>footprint</word>
  <word>for</word>
  <word>frechdachs</word>
  <word>frechdachse</word>
  <word>freikam</word>
  <word>freikaufen</word>
  <word>fress</word>
  <word>freu</word>
  <word>freundchen</word>
  <word>frier</word>
  <word>frischling</word>
  <word>früher</word>
  <word>frühjahrsmüdigkeit</word>
  <word>fuck</word>
  <word>fuffziger</word>
  <word>fühl</word>
  <word>fühlte</word>
  <word>füll</word>
  <word>funktioniert's</word>
  <word>für</word>
  <word>furchteinflößend</word>
  <word>furchteinflößende</word>
  <word>für'n</word>
  <word>für's</word>
  <word>furzen</word>
  <word>fuß</word>
  <word>füßen</word>
  <word>gab's</word>
  <word>geballer</word>
  <word>geben's</word>
  <word>gebetbuch</word>
  <word>geblinzelt</word>
  <word>geblufft</word>
  <word>geblutet</word>
  <word>gedudel</word>
  <word>gefällt's</word>
  <word>gefangennahme</word>
  <word>gefühl</word>
  <word>gefurzt</word>
  <word>gehopst</word>
  <word>gehörst</word>
  <word>gehört</word>
  <word>gehts</word>
  <word>geht's</word>
  <word>gehüpft</word>
  <word>gekapert</word>
  <word>gekniffen</word>
  <word>gekrabbelt</word>
  <word>gekratze</word>
  <word>gelöscht</word>
  <word>gemännert</word>
  <word>genieß</word>
  <word>genießen</word>
  <word>gentlemen</word>
  <word>gepennt</word>
  <word>gepiekt</word>
  <word>gepiept</word>
  <word>gequassel</word>
  <word>gerücht</word>
  <word>geschludert</word>
  <word>geschubbert</word>
  <word>geschuftet</word>
  <word>geschützgruppe</word>
  <word>gestoßen</word>
  <word>gesundbeterei</word>
  <word>gesundheitsrelevante</word>
  <word>gewieft</word>
  <word>gewissenskonﬂikte</word>
  <word>gewöhn</word>
  <word>gewundert</word>
  <word>ggf</word>
  <word>gib's</word>
  <word>gibt's</word>
  <word>ging's</word>
  <word>glaub's</word>
  <word>glück</word>
  <word>glückstag</word>
  <word>glukosekonzentration</word>
  <word>gottseidank</word>
  <word>gottverdammt</word>
  <word>gottverdammte</word>
  <word>gottverdammten</word>
  <word>gottverdammter</word>
  <word>gourmet</word>
  <word>governance</word>
  <word>grabschen</word>
  <word>grad</word>
  <word>grade</word>
  <word>grid</word>
  <word>großen</word>
  <word>größeres</word>
  <word>group</word>
  <word>grüezi</word>
  <word>grün</word>
  <word>guttun</word>
  <word>gwp</word>
  <word>ha</word>
  <word>habeas</word>
  <word>haben's</word>
  <word>hab's</word>
  <word>habt's</word>
  <word>halt's</word>
  <word>hämodynamik</word>
  <word>hamsterbäckchen</word>
  <word>handauflegen</word>
  <word>häng</word>
  <word>happen</word>
  <word>happy</word>
  <word>hard</word>
  <word>hast's</word>
  <word>hat's</word>
  <word>hätt</word>
  <word>häuser</word>
  <word>häuslbauermarkt</word>
  <word>haut's</word>
  <word>hawk</word>
  <word>hbk</word>
  <word>health</word>
  <word>heart</word>
  <word>heb</word>
  <word>heiß</word>
  <word>heißt</word>
  <word>helf'</word>
  <word>hellsehen</word>
  <word>herglitt</word>
  <word>herumzuplanschen</word>
  <word>herzkontraktilität</word>
  <word>heul</word>
  <word>heut</word>
  <word>hey</word>
  <word>hi</word>
  <word>hierbleiben</word>
  <word>hierlassen</word>
  <word>hierzubleiben</word>
  <word>high</word>
  <word>highwaybullen</word>
  <word>highwaychaoten</word>
  <word>hinbekommen</word>
  <word>hineinzuzeichnen</word>
  <word>hinfliegen</word>
  <word>hingelaufen</word>
  <word>hinknien</word>
  <word>hinschicken</word>
  <word>hinstecken</word>
  <word>hintendrauf</word>
  <word>hintenrum</word>
  <word>hintsteiner</word>
  <word>hinzubauen</word>
  <word>hirnamputierte</word>
  <word>hitzkopf</word>
  <word>hm</word>
  <word>hmm</word>
  <word>ho</word>
  <word>hochgehenlassen</word>
  <word>hochgeklettert</word>
  <word>hochheben</word>
  <word>hochhelfen</word>
  <word>hochsehen</word>
  <word>hochspringen</word>
  <word>höchstpersönlich</word>
  <word>hohepriesterin</word>
  <word>hokuspokus</word>
  <word>hol's</word>
  <word>home</word>
  <word>homebutton</word>
  <word>homeoffice</word>
  <word>hören</word>
  <word>hör's</word>
  <word>housing</word>
  <word>how</word>
  <word>hows</word>
  <word>h's</word>
  <word>huckepackfahrt</word>
  <word>hühnchen</word>
  <word>hundebellen</word>
  <word>hüpf</word>
  <word>hydrauliken</word>
  <word>hyperglykämie</word>
  <word>hyperkapnie</word>
  <word>hypervolämie</word>
  <word>hypo</word>
  <word>hypokaliämie</word>
  <word>hypokalzämie</word>
  <word>hypotonem</word>
  <word>hypotonen</word>
  <word>hypovolämie</word>
  <word>hypoxämie</word>
  <word>hzv</word>
  <word>ich's</word>
  <word>idiotensichere</word>
  <word>igitt</word>
  <word>ihca</word>
  <word>ihr's</word>
  <word>illustrationskurse</word>
  <word>imprint</word>
  <word>indisponiert</word>
  <word>infektraten</word>
  <word>infusionspumpe</word>
  <word>infusionswiderstand</word>
  <word>inklusives</word>
  <word>innerklinischen</word>
  <word>innung</word>
  <word>inodilatatoren</word>
  <word>inotropika</word>
  <word>inschriften</word>
  <word>interaktionsfähigkeit</word>
  <word>interior</word>
  <word>intraarterielle</word>
  <word>intrakraniellen</word>
  <word>intrakranieller</word>
  <word>intromusik</word>
  <word>intubieren</word>
  <word>invertertechnik</word>
  <word>irgend'nem</word>
  <word>irgendwann</word>
  <word>irgendwen</word>
  <word>irgendwoher</word>
  <word>irrgarten</word>
  <word>ish</word>
  <word>isokorie</word>
  <word>ist</word>
  <word>ist's</word>
  <word>jackpot</word>
  <word>jade</word>
  <word>jahresausblickpublikation</word>
  <word>jauchegrube</word>
  <word>jawohl</word>
  <word>jawoll</word>
  <word>jku</word>
  <word>jobcentern</word>
  <word>jockey</word>
  <word>jogging</word>
  <word>jüngerer</word>
  <word>jungs</word>
  <word>kaffeekränzchen</word>
  <word>kakerlake</word>
  <word>kaliumspiegel</word>
  <word>kämm</word>
  <word>kampagnensujets</word>
  <word>kämpf</word>
  <word>kämpfernatur</word>
  <word>kann's</word>
  <word>kapnographie</word>
  <word>kardioversion</word>
  <word>karma</word>
  <word>karotis</word>
  <word>karotispuls</word>
  <word>kartenabreißer</word>
  <word>kaskadierung</word>
  <word>katecholamintherapie</word>
  <word>katzenstreu</word>
  <word>kaufkraftparitätskurse</word>
  <word>keksdose</word>
  <word>keywords</word>
  <word>klappt's</word>
  <word>klaps</word>
  <word>klarzustellen</word>
  <word>klebepads</word>
  <word>klingelt's</word>
  <word>klodeckel</word>
  <word>klügere</word>
  <word>klunker</word>
  <word>know</word>
  <word>knuddeln</word>
  <word>knutschfleck</word>
  <word>kokosmilch</word>
  <word>kollabierbaren</word>
  <word>kommodore</word>
  <word>kommt's</word>
  <word>kompressionengeben</word>
  <word>kompressionengeber</word>
  <word>kompressionengebers</word>
  <word>können</word>
  <word>kontusionen</word>
  <word>konversieren</word>
  <word>konzentrier</word>
  <word>kopf</word>
  <word>koronarsystems</word>
  <word>kostümbildnerin</word>
  <word>kragenweite</word>
  <word>krankgemeldet</word>
  <word>krankgeschrieben</word>
  <word>krautsalat</word>
  <word>kreativangeboten</word>
  <word>kreissaal</word>
  <word>kriech</word>
  <word>krieg</word>
  <word>krieg's</word>
  <word>krikoiddruck</word>
  <word>krösus</word>
  <word>krümelmonster</word>
  <word>kuck</word>
  <word>kucken</word>
  <word>kuckt</word>
  <word>kümmer</word>
  <word>kümmere</word>
  <word>kümmerer</word>
  <word>kümmerern</word>
  <word>kümmert's</word>
  <word>kundendienstdispo</word>
  <word>kusslaut</word>
  <word>küsst</word>
  <word>lagarde</word>
  <word>lahmarschiger</word>
  <word>lahmgelegt</word>
  <word>lamellenpakete</word>
  <word>lammkeule</word>
  <word>laryngoskopie</word>
  <word>larynxtubus</word>
  <word>läuft's</word>
  <word>laumann</word>
  <word>launchen</word>
  <word>lausch</word>
  <word>learning</word>
  <word>leerstandssituation</word>
  <word>lehn</word>
  <word>leichtert</word>
  <word>leid</word>
  <word>leistungsausbeute</word>
  <word>lidocain</word>
  <word>lieg</word>
  <word>liegt's</word>
  <word>life</word>
  <word>liken</word>
  <word>lilarot</word>
  <word>liniendicken</word>
  <word>livestream</word>
  <word>lnnenstadt</word>
  <word>löckchen</word>
  <word>lockdowns</word>
  <word>logistikhalle</word>
  <word>lokus</word>
  <word>lolli</word>
  <word>long</word>
  <word>look</word>
  <word>loop</word>
  <word>looping</word>
  <word>lösch</word>
  <word>lösegeld</word>
  <word>lösen</word>
  <word>losziehen</word>
  <word>lotsengeld</word>
  <word>lover</word>
  <word>luftströmungssimulationen</word>
  <word>lüg</word>
  <word>lügen</word>
  <word>luvt</word>
  <word>m1</word>
  <word>machen's</word>
  <word>mach's</word>
  <word>mageninsufflation</word>
  <word>mag's</word>
  <word>mahlstrom</word>
  <word>malleolus</word>
  <word>mampfen</word>
  <word>managed</word>
  <word>mandrin</word>
  <word>maniküre</word>
  <word>man's</word>
  <word>marotte</word>
  <word>mathe</word>
  <word>matheprüfung</word>
  <word>medaillon</word>
  <word>mein's</word>
  <word>meistverkauften</word>
  <word>meld</word>
  <word>membranausdehnungsgefäß</word>
  <word>memme</word>
  <word>merci</word>
  <word>merkt's</word>
  <word>metathemen</word>
  <word>mhm</word>
  <word>milrinon</word>
  <word>minderperfusion</word>
  <word>mir's</word>
  <word>mistkerl</word>
  <word>mitenand</word>
  <word>mitmenschlichere</word>
  <word>mitnimmt</word>
  <word>mmh</word>
  <word>modbus</word>
  <word>model</word>
  <word>modeljob</word>
  <word>models</word>
  <word>molnauer</word>
  <word>monds</word>
  <word>moodboard</word>
  <word>morgengrauen</word>
  <word>motordröhnen</word>
  <word>möwenkreischen</word>
  <word>msci</word>
  <word>mutationskombination</word>
  <word>mw</word>
  <word>myochsner</word>
  <word>myokardfunktion</word>
  <word>na</word>
  <word>nachfrageverschiebung</word>
  <word>nachgejagt</word>
  <word>nachhaltigkeitsprofil</word>
  <word>nachholeffekte</word>
  <word>nachmittag</word>
  <word>nacht</word>
  <word>näher</word>
  <word>näherkommen</word>
  <word>naloxon</word>
  <word>nasebohren</word>
  <word>ne</word>
  <word>nehm</word>
  <word>nehmen's</word>
  <word>nem</word>
  <word>nen</word>
  <word>nenn</word>
  <word>ner</word>
  <word>nerv</word>
  <word>nichtansprechen</word>
  <word>nimm's</word>
  <word>non</word>
  <word>nonkonvulsiv</word>
  <word>normothermie</word>
  <word>not</word>
  <word>notizblock</word>
  <word>nüchtern</word>
  <word>nuller</word>
  <word>oberﬂäche</word>
  <word>ob's</word>
  <word>odeonsplatz</word>
  <word>of</word>
  <word>offensteht</word>
  <word>offert</word>
  <word>offertprogramm</word>
  <word>ohca</word>
  <word>oje</word>
  <word>ok</word>
  <word>ölverschmierten</word>
  <word>omikronwelle</word>
  <word>one</word>
  <word>opioid</word>
  <word>opioidüberdosierung</word>
  <word>oropharyngealen</word>
  <word>ote</word>
  <word>ots</word>
  <word>outcome</word>
  <word>outcomes</word>
  <word>outlets</word>
  <word>outlines</word>
  <word>outlook</word>
  <word>overshoot</word>
  <word>öwb</word>
  <word>oxygenierung</word>
  <word>paarhufe</word>
  <word>paarmal</word>
  <word>pack</word>
  <word>pad</word>
  <word>pads</word>
  <word>pain</word>
  <word>parlamentär</word>
  <word>parlamentärflagge</word>
  <word>partnernet</word>
  <word>pasch</word>
  <word>passenderweise</word>
  <word>pat</word>
  <word>payment</word>
  <word>pea</word>
  <word>pedant</word>
  <word>pelznieser</word>
  <word>pendlergemeinden</word>
  <word>pennen</word>
  <word>performances</word>
  <word>perfusionszustand</word>
  <word>perikard</word>
  <word>periphereren</word>
  <word>petechien</word>
  <word>pfaffenrock</word>
  <word>pfirsichfarben</word>
  <word>pfui</word>
  <word>pfundbüro</word>
  <word>pfündchen</word>
  <word>pfützen</word>
  <word>pictet</word>
  <word>pieken</word>
  <word>piekst</word>
  <word>piepton</word>
  <word>piept's</word>
  <word>pim</word>
  <word>pinguinfrack</word>
  <word>pinkeln</word>
  <word>pinkelt</word>
  <word>pinterest</word>
  <word>piratenmäßig</word>
  <word>pizzageschäft</word>
  <word>plattgemacht</word>
  <word>plemplem</word>
  <word>pleuraspalt</word>
  <word>plugin</word>
  <word>plugins</word>
  <word>pocket</word>
  <word>pointes</word>
  <word>polylang</word>
  <word>poors</word>
  <word>portfoliomanagern</word>
  <word>post</word>
  <word>posten</word>
  <word>posterior</word>
  <word>posts</word>
  <word>practice</word>
  <word>practices</word>
  <word>pre</word>
  <word>privacy</word>
  <word>probier</word>
  <word>probier's</word>
  <word>produzentenpreise</word>
  <word>produzententeuerung</word>
  <word>promenadenmischung</word>
  <word>protologie</word>
  <word>provozier</word>
  <word>prüf</word>
  <word>prüfen</word>
  <word>prügeleien</word>
  <word>pulskontrollen</word>
  <word>pulslose</word>
  <word>pulsloser</word>
  <word>pulsoxymeter</word>
  <word>pulsoxymetrie</word>
  <word>pummelig</word>
  <word>punkt</word>
  <word>punktionsort</word>
  <word>punktionsstelle</word>
  <word>pupsen</word>
  <word>purpura</word>
  <word>q1</word>
  <word>q4</word>
  <word>qr</word>
  <word>quäl</word>
  <word>quasseln</word>
  <word>r32</word>
  <word>rack</word>
  <word>radialispuls</word>
  <word>radiojingle</word>
  <word>ranfahren</word>
  <word>rangehen</word>
  <word>rangekommen</word>
  <word>rangelei</word>
  <word>rankommen</word>
  <word>rasierer</word>
  <word>rasur</word>
  <word>rauch</word>
  <word>rauf</word>
  <word>rauferei</word>
  <word>raufgehen</word>
  <word>raufkommen</word>
  <word>raumluftentfeuchtung</word>
  <word>raumverbünde</word>
  <word>rausbringen</word>
  <word>rausfahren</word>
  <word>rausfallen</word>
  <word>rausfinden</word>
  <word>rausfliegen</word>
  <word>rausfuhren</word>
  <word>rausgeflogen</word>
  <word>rausgefunden</word>
  <word>rausgehen</word>
  <word>rausgeklettert</word>
  <word>rausgekommen</word>
  <word>rausgekriegt</word>
  <word>rausgeschickt</word>
  <word>rausgeschmissen</word>
  <word>rausgeschnitten</word>
  <word>raushaben</word>
  <word>raushalten</word>
  <word>rausholen</word>
  <word>rauskommen</word>
  <word>rauskriegen</word>
  <word>rauslassen</word>
  <word>rauslaufen</word>
  <word>rausmüssen</word>
  <word>rausnehme</word>
  <word>rausnehmen</word>
  <word>rausreden</word>
  <word>rausschaufeln</word>
  <word>rausschicken</word>
  <word>rausschmeißen</word>
  <word>rausstellen</word>
  <word>rauswerfen</word>
  <word>rauszoomen</word>
  <word>rauszubringen</word>
  <word>rauszufinden</word>
  <word>rauszuholen</word>
  <word>reanimationsbretts</word>
  <word>reanimationsteam</word>
  <word>red</word>
  <word>reffleine</word>
  <word>refft</word>
  <word>registrierungs</word>
  <word>reglersysteme</word>
  <word>reglerteam</word>
  <word>regnet's</word>
  <word>reicht's</word>
  <word>reichweitenstarken</word>
  <word>reifenquietschen</word>
  <word>reinbeißen</word>
  <word>reinbringen</word>
  <word>reingeben</word>
  <word>reingedrückt</word>
  <word>reingehängt</word>
  <word>reingekommen</word>
  <word>reingelassen</word>
  <word>reingelegt</word>
  <word>reinholen</word>
  <word>reinlegen</word>
  <word>reinnehmen</word>
  <word>reinschneist</word>
  <word>reinsetzen</word>
  <word>reinstellst</word>
  <word>reintubation</word>
  <word>reintun</word>
  <word>reißgeräusch</word>
  <word>rekapillarisierung</word>
  <word>rekapillarisierungszeit</word>
  <word>reker</word>
  <word>reklamationswesen</word>
  <word>relationship</word>
  <word>relaunch</word>
  <word>renditeobjekten</word>
  <word>reperfusionsschäden</word>
  <word>reseller</word>
  <word>ressourcenoptimierte</word>
  <word>rfid</word>
  <word>rgb</word>
  <word>rheinland</word>
  <word>risikobereinigte</word>
  <word>rollups</word>
  <word>rosc</word>
  <word>rosenke</word>
  <word>roundabout</word>
  <word>rüber</word>
  <word>rübertragen</word>
  <word>ruder</word>
  <word>ruh</word>
  <word>rum</word>
  <word>rumkriegen</word>
  <word>rumschieben</word>
  <word>rumsitzen</word>
  <word>rumspukt</word>
  <word>rumstehen</word>
  <word>rumsteht</word>
  <word>rumtreiben</word>
  <word>rumzujammern</word>
  <word>runterbringen</word>
  <word>runterdrehen</word>
  <word>runterfallen</word>
  <word>runtergefallen</word>
  <word>runterguckt</word>
  <word>runterkommen</word>
  <word>runterkurbeln</word>
  <word>runterladen</word>
  <word>runterstürzte</word>
  <word>rüpel</word>
  <word>rüssel</word>
  <word>sag's</word>
  <word>sales</word>
  <word>sani</word>
  <word>särge</word>
  <word>saßen</word>
  <word>säuft</word>
  <word>sbk</word>
  <word>schäm</word>
  <word>scharrer</word>
  <word>scheidebecher</word>
  <word>scheiß</word>
  <word>scheißdreck</word>
  <word>scheiße</word>
  <word>scheißegal</word>
  <word>scheißkahn</word>
  <word>schemenkatalog</word>
  <word>schemenkataloge</word>
  <word>schieb</word>
  <word>schieß</word>
  <word>schlaf</word>
  <word>schleimer</word>
  <word>schließ</word>
  <word>schluck</word>
  <word>schmeiß</word>
  <word>schmier</word>
  <word>schnall</word>
  <word>schnapp</word>
  <word>schnappatmung</word>
  <word>schnipp</word>
  <word>schokoriegel</word>
  <word>schöner</word>
  <word>schotbruch</word>
  <word>schüsse</word>
  <word>schüttung</word>
  <word>schütze</word>
  <word>schwimm</word>
  <word>schwör</word>
  <word>schwurgerichtsverfahren</word>
  <word>scop</word>
  <word>scroll</word>
  <word>search</word>
  <word>security</word>
  <word>sedierung</word>
  <word>seh</word>
  <word>seh's</word>
  <word>sei's</word>
  <word>sekündige</word>
  <word>sekündigen</word>
  <word>selbstgemacht</word>
  <word>selbstverstümmelungen</word>
  <word>serumglukose</word>
  <word>setz</word>
  <word>sexspielzeug</word>
  <word>sgb</word>
  <word>shirt</word>
  <word>shock</word>
  <word>shoppen</word>
  <word>sich's</word>
  <word>siebdruckstudio</word>
  <word>siegerwagen</word>
  <word>sieh's</word>
  <word>sie's</word>
  <word>skripte</word>
  <word>snb</word>
  <word>social</word>
  <word>so'n</word>
  <word>sorg</word>
  <word>sorry</word>
  <word>sozialraumorientierte</word>
  <word>sp220</word>
  <word>spar</word>
  <word>spaß</word>
  <word>später</word>
  <word>spiel</word>
  <word>spinn</word>
  <word>spontanatmung</word>
  <word>spontankreislaufs</word>
  <word>sportsgeist</word>
  <word>spotlight</word>
  <word>spott</word>
  <word>sprachenumschalter</word>
  <word>sprachenumschalters</word>
  <word>spuck</word>
  <word>spucklaute</word>
  <word>spuck's</word>
  <word>spül</word>
  <word>spür</word>
  <word>stalken</word>
  <word>steckerfertig</word>
  <word>steckerfertige</word>
  <word>steht's</word>
  <word>steps</word>
  <word>stimmt's</word>
  <word>stinkfaul</word>
  <word>stinksauer</word>
  <word>stinkt's</word>
  <word>stocker</word>
  <word>stop</word>
  <word>storytelling</word>
  <word>strandhaus</word>
  <word>straßen</word>
  <word>straßenseite</word>
  <word>strategy</word>
  <word>stream</word>
  <word>street</word>
  <word>strg</word>
  <word>strombetriebene</word>
  <word>stuntmänner</word>
  <word>sturheit</word>
  <word>stürzte</word>
  <word>stütz</word>
  <word>style</word>
  <word>süden</word>
  <word>suhlen</word>
  <word>sülzen</word>
  <word>sünder</word>
  <word>superlange</word>
  <word>supermodel</word>
  <word>supporten</word>
  <word>supraglottische</word>
  <word>supraventrikuläre</word>
  <word>supraventrikulärer</word>
  <word>surreal</word>
  <word>sustainable</word>
  <word>switzerland</word>
  <word>sync</word>
  <word>t200</word>
  <word>tablets</word>
  <word>tabula</word>
  <word>tachyarrhythmien</word>
  <word>tachypnoe</word>
  <word>tagchen</word>
  <word>tagesstrukturierende</word>
  <word>tamponade</word>
  <word>tanzperformances</word>
  <word>taskforce</word>
  <word>tat's</word>
  <word>tausch</word>
  <word>teamdynamik</word>
  <word>teamgeist</word>
  <word>teamtrainings</word>
  <word>technology</word>
  <word>teen</word>
  <word>teenagerjahren</word>
  <word>teenies</word>
  <word>template</word>
  <word>tentakel</word>
  <word>tentakelig</word>
  <word>the</word>
  <word>theme</word>
  <word>themes</word>
  <word>thoraxexkursion</word>
  <word>thoraxkompressionen</word>
  <word>thoraxkompressionsanteils</word>
  <word>thoraxs</word>
  <word>tibiae</word>
  <word>ticketing</word>
  <word>tiefergelegt</word>
  <word>tiefgefrorene</word>
  <word>tischverdampfer</word>
  <word>tischverdampfers</word>
  <word>tja</word>
  <word>to</word>
  <word>töle</word>
  <word>toms</word>
  <word>toolchain</word>
  <word>torsades</word>
  <word>tötest</word>
  <word>totgeglaubte</word>
  <word>totzukriegen</word>
  <word>totzulachen</word>
  <word>trag</word>
  <word>translator</word>
  <word>trifft's</word>
  <word>trinkergurke</word>
  <word>trinkerkranz</word>
  <word>trump</word>
  <word>t's</word>
  <word>tschuldigung</word>
  <word>tuberositas</word>
  <word>tüfteleien</word>
  <word>tupy</word>
  <word>tür</word>
  <word>türen</word>
  <word>türkistönen</word>
  <word>türklopfen</word>
  <word>tu's</word>
  <word>tut's</word>
  <word>über</word>
  <word>überfallen</word>
  <word>überfordert</word>
  <word>übergeben</word>
  <word>überlass</word>
  <word>überleg</word>
  <word>überleg's</word>
  <word>übernachten</word>
  <word>überprüfen</word>
  <word>überprüft</word>
  <word>übertreib</word>
  <word>übertreib's</word>
  <word>überzeugend</word>
  <word>übrig</word>
  <word>ubs</word>
  <word>umgeschalten</word>
  <word>umkämpftesten</word>
  <word>um's</word>
  <word>umsatzbasierten</word>
  <word>umweltschädlich</word>
  <word>umweltschonenderes</word>
  <word>unbarmherzigkeit</word>
  <word>unbefahrenen</word>
  <word>unbezahlbarkeit</word>
  <word>undercover</word>
  <word>unhilfreich</word>
  <word>unresponsive</word>
  <word>unsensibel</word>
  <word>unterkühlt</word>
  <word>unternimm</word>
  <word>unterschreib</word>
  <word>unterstützungsleistungen</word>
  <word>up</word>
  <word>urschweizer</word>
  <word>usdchf</word>
  <word>usw</word>
  <word>vagale</word>
  <word>valsalva</word>
  <word>vasopressoren</word>
  <word>vasopressorengabe</word>
  <word>vektorbasierte</word>
  <word>venenplexus</word>
  <word>ventrikulären</word>
  <word>ventrikulärer</word>
  <word>veräppel</word>
  <word>verarsch</word>
  <word>verbrenn</word>
  <word>vergess</word>
  <word>verkabeln</word>
  <word>verkackt</word>
  <word>verlier</word>
  <word>verpass</word>
  <word>verpissen</word>
  <word>verrückteste</word>
  <word>verrücktesten</word>
  <word>versprech</word>
  <word>versprech's</word>
  <word>versuch's</word>
  <word>versucht's</word>
  <word>vertriebsseitig</word>
  <word>vescoli</word>
  <word>vf</word>
  <word>vietnamesisch</word>
  <word>view</word>
  <word>voice</word>
  <word>vollgekotzt</word>
  <word>volltanken</word>
  <word>vorbeigeschaut</word>
  <word>vordrängeln</word>
  <word>vorzünden</word>
  <word>vulnerable</word>
  <word>wag</word>
  <word>wähl</word>
  <word>wann's</word>
  <word>wär</word>
  <word>wären's</word>
  <word>war's</word>
  <word>wär's</word>
  <word>wassergetragenes</word>
  <word>webeleinen</word>
  <word>weia</word>
  <word>weiß</word>
  <word>weiterschlafen</word>
  <word>welcome</word>
  <word>wenn's</word>
  <word>werd</word>
  <word>werd's</word>
  <word>wer's</word>
  <word>whiskey</word>
  <word>widget</word>
  <word>widgets</word>
  <word>wiederhören</word>
  <word>wie's</word>
  <word>will's</word>
  <word>winsch</word>
  <word>wird's</word>
  <word>wirkort</word>
  <word>wirkstoffkombination</word>
  <word>wir's</word>
  <word>witzfigur</word>
  <word>woandershin</word>
  <word>wohnungsgemeinnützigkeitsgesetz</word>
  <word>wohnungslos</word>
  <word>wohnungslose</word>
  <word>wohnungslosenpolitik</word>
  <word>wohnungslosenzahlen</word>
  <word>wohnungslosigkeit</word>
  <word>wohnwirtschaftliche</word>
  <word>wordpress</word>
  <word>workflow</word>
  <word>world</word>
  <word>wo's</word>
  <word>wow</word>
  <word>wrackteile</word>
  <word>wrap</word>
  <word>wünsch</word>
  <word>würd</word>
  <word>würden</word>
  <word>würd's</word>
  <word>wüssten</word>
  <word>wüste</word>
  <word>wwf</word>
  <word>wyvern</word>
  <word>year</word>
  <word>zähneputzen</word>
  <word>zecke</word>
  <word>zeig's</word>
  <word>zeisinge</word>
  <word>zieht's</word>
  <word>zirkulationspumpe</word>
  <word>zubehöranleitungen</word>
  <word>zubehörbereich</word>
  <word>zuhause</word>
  <word>zurückgepfiffen</word>
  <word>zurückmachen</word>
  <word>zurückzulassen</word>
  <word>zusammengekettet</word>
  <word>zusammenschlägt</word>
  <word>zustandsangemessene</word>
  <word>zyanose</word>
  <word>zyanotisches</word>
</words>