<words>
  <word>a</word>
  <word>ª</word>
  <word>à</word>
  <word>abébia</word>
  <word>acróstica</word>
  <word>acufeno</word>
  <word>adeusinho</word>
  <word>airbnb</word>
  <word>alien</word>
  <word>almiscarado</word>
  <word>amaciador</word>
  <word>anestesiologista</word>
  <word>anestesistas</word>
  <word>animalzinho</word>
  <word>anquinhas</word>
  <word>ansiolítico</word>
  <word>ansiolíticos</word>
  <word>antigravidade</word>
  <word>armagedão</word>
  <word>arquiduquesa</word>
  <word>aspirinas</word>
  <word>auditarem</word>
  <word>audivelmente</word>
  <word>áurico</word>
  <word>autogerida</word>
  <word>autogerido</word>
  <word>autoimune</word>
  <word>autoimunes</word>
  <word>azáleas</word>
  <word>bacano</word>
  <word>bacanos</word>
  <word>bacitracina</word>
  <word>bacon</word>
  <word>balaústro</word>
  <word>banquisa</word>
  <word>básquete</word>
  <word>baza</word>
  <word>bazei</word>
  <word>bebezinho</word>
  <word>benzodiazepinas</word>
  <word>bergamota</word>
  <word>bétula</word>
  <word>binarismo</word>
  <word>bioelétrico</word>
  <word>bioeletromagnetismo</word>
  <word>biomimética</word>
  <word>biópsia</word>
  <word>bitcoins</word>
  <word>boazona</word>
  <word>bófias</word>
  <word>bólingue</word>
  <word>bonapartista</word>
  <word>bonapartistas</word>
  <word>borragem</word>
  <word>buldogues</word>
  <word>cabrãozinho</word>
  <word>cabrazinha</word>
  <word>cabrões</word>
  <word>cagatório</word>
  <word>caipirinha</word>
  <word>caipirinhas</word>
  <word>calminha</word>
  <word>camandro</word>
  <word>canábis</word>
  <word>cantonês</word>
  <word>cantonesas</word>
  <word>capô</word>
  <word>caralho</word>
  <word>carinha</word>
  <word>carrosséis</word>
  <word>cataplasma</word>
  <word>cateterismo</word>
  <word>cavalariço</word>
  <word>centopeias</word>
  <word>certinho</word>
  <word>cetamina</word>
  <word>chefão</word>
  <word>chiba</word>
  <word>chibar</word>
  <word>chibos</word>
  <word>chinesinha</word>
  <word>chinocas</word>
  <word>chungcheong</word>
  <word>churro</word>
  <word>cigarrinho</word>
  <word>cirurgiã</word>
  <word>cistite</word>
  <word>clipe</word>
  <word>clitorianos</word>
  <word>coceguinhas</word>
  <word>cocozinho</word>
  <word>cofundadora</word>
  <word>coincidentemente</word>
  <word>colecionável</word>
  <word>concidadã</word>
  <word>contrainterrogatório</word>
  <word>contramedidas</word>
  <word>contranatura</word>
  <word>copacabana</word>
  <word>coquinho</word>
  <word>coxinhas</word>
  <word>creatina</word>
  <word>crédula</word>
  <word>criptomoeda</word>
  <word>criptomoedas</word>
  <word>crocantes</word>
  <word>cunhadinha</word>
  <word>d'água</word>
  <word>dentinho</word>
  <word>descambam</word>
  <word>descambar</word>
  <word>descartável</word>
  <word>desembucha</word>
  <word>desentupidor</word>
  <word>desenvolvedores</word>
  <word>despressurizados</word>
  <word>destemida</word>
  <word>diegético</word>
  <word>disforia</word>
  <word>disfuncional</word>
  <word>displicentes</word>
  <word>dissecção</word>
  <word>docinho</word>
  <word>documentarista</word>
  <word>doidinha</word>
  <word>dónute</word>
  <word>dónutes</word>
  <word>dossiê</word>
  <word>drogar</word>
  <word>drogaste</word>
  <word>drone</word>
  <word>drones</word>
  <word>e</word>
  <word>é</word>
  <word>ébola</word>
  <word>eclusas</word>
  <word>ecossustentabilidade</word>
  <word>edamames</word>
  <word>egomaníaco</word>
  <word>ei</word>
  <word>elfos</word>
  <word>engatatão</word>
  <word>engatatões</word>
  <word>engodos</word>
  <word>engraçadinho</word>
  <word>epidural</word>
  <word>epifania</word>
  <word>epifanias</word>
  <word>ereções</word>
  <word>escopro</word>
  <word>esfoliar</word>
  <word>esfrangalhado</word>
  <word>esgalgado</word>
  <word>esgalhar</word>
  <word>espermicida</word>
  <word>espetos</word>
  <word>espiã</word>
  <word>espoletou</word>
  <word>esporra</word>
  <word>espraiar</word>
  <word>estremeção</word>
  <word>estrogénio</word>
  <word>estuporzinho</word>
  <word>evisceração</word>
  <word>excruciantes</word>
  <word>executora</word>
  <word>extracorporal</word>
  <word>extracurriculares</word>
  <word>extrovertida</word>
  <word>fanfarrões</word>
  <word>fantasmagórica</word>
  <word>farsi</word>
  <word>fatela</word>
  <word>fautoriza</word>
  <word>fentanil</word>
  <word>feromonas</word>
  <word>ferrenhamente</word>
  <word>fetiches</word>
  <word>flertar</word>
  <word>foda</word>
  <word>fodam</word>
  <word>fodemos</word>
  <word>foder</word>
  <word>foderam</word>
  <word>fodes</word>
  <word>fodeu</word>
  <word>fodida</word>
  <word>fodido</word>
  <word>fodidos</word>
  <word>fodo</word>
  <word>fórceps</word>
  <word>fraldário</word>
  <word>framboesas</word>
  <word>frasquinho</word>
  <word>gangster</word>
  <word>gângster</word>
  <word>gângsteres</word>
  <word>gangsters</word>
  <word>gangue</word>
  <word>gangues</word>
  <word>gargarejar</word>
  <word>gascão</word>
  <word>gelataria</word>
  <word>geniozinho</word>
  <word>geriátrico</word>
  <word>gin</word>
  <word>giraças</word>
  <word>glaceadas</word>
  <word>goseong</word>
  <word>gratinado</word>
  <word>guinéus</word>
  <word>guito</word>
  <word>gwanggyosan</word>
  <word>gyeongsang</word>
  <word>hámster</word>
  <word>hanyang</word>
  <word>hedonísticos</word>
  <word>hessianos</word>
  <word>heteronormativa</word>
  <word>heteronormativas</word>
  <word>heteropatriarcado</word>
  <word>heteropatriarcais</word>
  <word>heteropatriarcal</word>
  <word>hibisco</word>
  <word>hipoglicemia</word>
  <word>hipotermia</word>
  <word>historinha</word>
  <word>ignífugo</word>
  <word>igualzinha</word>
  <word>igualzinho</word>
  <word>ilibatórias</word>
  <word>implodisse</word>
  <word>implodiu</word>
  <word>impulsividade</word>
  <word>inconstitucionalmente</word>
  <word>incriminatório</word>
  <word>indetetáveis</word>
  <word>inhame</word>
  <word>inquebráveis</word>
  <word>inquisitivas</word>
  <word>instantinho</word>
  <word>interespécies</word>
  <word>interestelares</word>
  <word>intersetoriais</word>
  <word>intrincadamente</word>
  <word>intubação</word>
  <word>irmãozinho</word>
  <word>irrefutáveis</word>
  <word>jackpot</word>
  <word>jacúzi</word>
  <word>janado</word>
  <word>janados</word>
  <word>jihad</word>
  <word>joguinho</word>
  <word>joguinhos</word>
  <word>joseon</word>
  <word>kamikaze</word>
  <word>kryptonite</word>
  <word>lamúrias</word>
  <word>láudano</word>
  <word>lidocaína</word>
  <word>litigiosas</word>
  <word>localizador</word>
  <word>localizável</word>
  <word>luzinha</word>
  <word>machete</word>
  <word>macrodados</word>
  <word>madame</word>
  <word>mademoiselle</word>
  <word>malandreco</word>
  <word>malvisto</word>
  <word>mamãzinha</word>
  <word>maquete</word>
  <word>marada</word>
  <word>maradas</word>
  <word>marado</word>
  <word>marraquexe</word>
  <word>mastectomia</word>
  <word>mauzão</word>
  <word>mauzões</word>
  <word>mazinha</word>
  <word>mechas</word>
  <word>meme</word>
  <word>merdinhas</word>
  <word>merdoso</word>
  <word>merdosos</word>
  <word>meritíssima</word>
  <word>metaforicamente</word>
  <word>metanfetamina</word>
  <word>metanfetaminas</word>
  <word>metaverso</word>
  <word>metilenodioximetanfetamina</word>
  <word>milhentos</word>
  <word>minimercado</word>
  <word>minutinho</word>
  <word>miso</word>
  <word>mocado</word>
  <word>modéstias</word>
  <word>modus</word>
  <word>moedinha</word>
  <word>mogadíscio</word>
  <word>monsieur</word>
  <word>motivacionais</word>
  <word>motivacional</word>
  <word>motosserras</word>
  <word>natrão</word>
  <word>naturopata</word>
  <word>nebrasca</word>
  <word>noctilucentes</word>
  <word>norovírus</word>
  <word>o</word>
  <word>obituário</word>
  <word>obituários</word>
  <word>ok</word>
  <word>olhitos</word>
  <word>operandi</word>
  <word>overdose</word>
  <word>oxitocina</word>
  <word>paintball</word>
  <word>palanquim</word>
  <word>palatinado</word>
  <word>parabenizamos</word>
  <word>páreo</word>
  <word>parsec</word>
  <word>patê</word>
  <word>peganhentos</word>
  <word>peidos</word>
  <word>pelotões</word>
  <word>períclase</word>
  <word>perjúrios</word>
  <word>pestezinha</word>
  <word>piça</word>
  <word>pinar</word>
  <word>pinasses</word>
  <word>pinei</word>
  <word>piorio</word>
  <word>pita</word>
  <word>píxeis</word>
  <word>playboy</word>
  <word>pleitear</word>
  <word>póquer</word>
  <word>porno</word>
  <word>potranca</word>
  <word>priminha</word>
  <word>princesinha</word>
  <word>princesinhas</word>
  <word>proativo</word>
  <word>proativos</word>
  <word>prógnata</word>
  <word>psicossexual</word>
  <word>psicótico</word>
  <word>pterodáctilos</word>
  <word>punheteiros</word>
  <word>puta</word>
  <word>putas</word>
  <word>pyeongyang</word>
  <word>quecas</word>
  <word>quelação</word>
  <word>queques</word>
  <word>quetamina</word>
  <word>quipá</word>
  <word>rabiscos</word>
  <word>rafeiros</word>
  <word>ramen</word>
  <word>rancidez</word>
  <word>rançosas</word>
  <word>rapidinha</word>
  <word>rapper</word>
  <word>rastreador</word>
  <word>rastreamento</word>
  <word>rastreável</word>
  <word>reconstrói</word>
  <word>recontagem</word>
  <word>réprobo</word>
  <word>respingos</word>
  <word>retrógrados</word>
  <word>ricalhaços</word>
  <word>risoto</word>
  <word>ropivacaína</word>
  <word>rufiãozinho</word>
  <word>rulote</word>
  <word>sacaninha</word>
  <word>sacheon</word>
  <word>sálvia</word>
  <word>satirista</word>
  <word>seal</word>
  <word>seals</word>
  <word>sedição</word>
  <word>selfie</word>
  <word>sexismo</word>
  <word>sexista</word>
  <word>sexistas</word>
  <word>sexy</word>
  <word>sinalizador</word>
  <word>sinalizadores</word>
  <word>sininho</word>
  <word>sinusal</word>
  <word>snifar</word>
  <word>sociopata</word>
  <word>sociopatas</word>
  <word>sociopolítica</word>
  <word>sossegadinho</word>
  <word>stressante</word>
  <word>strip</word>
  <word>stripper</word>
  <word>strippers</word>
  <word>sumério</word>
  <word>superpoder</word>
  <word>superpoderosos</word>
  <word>supervilão</word>
  <word>taiwanês</word>
  <word>tartaruguinha</word>
  <word>taser</word>
  <word>teleconferência</word>
  <word>tempinho</word>
  <word>tequila</word>
  <word>terráqueos</word>
  <word>tiramisu</word>
  <word>tontinha</word>
  <word>toquezinho</word>
  <word>totó</word>
  <word>totós</word>
  <word>transpacífica</word>
  <word>traquitana</word>
  <word>travertino</word>
  <word>tríceps</word>
  <word>vaginas</word>
  <word>vampira</word>
  <word>vandalizado</word>
  <word>varridela</word>
  <word>vegana</word>
  <word>verdinho</word>
  <word>videovigilância</word>
  <word>vidinha</word>
  <word>vip</word>
  <word>vividamente</word>
  <word>vivinho</word>
  <word>zombie</word>
</words>
